source,target,pair_index
ADEL,ADAL,5
ADEL,ADAR,5
ADEL,ADFL,6
ADEL,ADFL,7
ADEL,ADFR,6
ADEL,ADFR,7
ADEL,AIAL,5
ADEL,AIAR,5
ADEL,AIBL,5
ADEL,AIBR,5
ADEL,AIZL,5
ADEL,AIZR,5
ADEL,ALA,7
ADEL,ALML,5
ADEL,ALML,8
ADEL,ALMR,5
ADEL,ALMR,8
ADEL,AS1,7
ADEL,AS10,7
ADEL,AS11,7
ADEL,AS2,7
ADEL,AS3,7
ADEL,AS4,7
ADEL,AS5,7
ADEL,AS6,7
ADEL,AS7,7
ADEL,AS8,7
ADEL,AS9,7
ADEL,ASHL,6
ADEL,ASHL,7
ADEL,ASHR,6
ADEL,ASHR,7
ADEL,ASKL,6
ADEL,ASKL,7
ADEL,ASKR,6
ADEL,ASKR,7
ADEL,AVAL,5
ADEL,AVAL,6
ADEL,AVAL,7
ADEL,AVAR,5
ADEL,AVAR,6
ADEL,AVAR,7
ADEL,AVBL,5
ADEL,AVBL,7
ADEL,AVBL,8
ADEL,AVBR,5
ADEL,AVBR,7
ADEL,AVBR,8
ADEL,AVDL,7
ADEL,AVDR,7
ADEL,AVEL,5
ADEL,AVEL,7
ADEL,AVER,5
ADEL,AVER,7
ADEL,AVFL,7
ADEL,AVFR,7
ADEL,AVHL,6
ADEL,AVHR,6
ADEL,AVKL,6
ADEL,AVKL,7
ADEL,AVKL,8
ADEL,AVKR,6
ADEL,AVKR,7
ADEL,AVKR,8
ADEL,AVM,5
ADEL,BDUL,5
ADEL,BDUR,5
ADEL,CEPDL,7
ADEL,CEPDR,7
ADEL,CEPVL,7
ADEL,CEPVR,7
ADEL,DA1,5
ADEL,DA1,7
ADEL,DA2,5
ADEL,DA2,7
ADEL,DA3,5
ADEL,DA3,7
ADEL,DA4,5
ADEL,DA4,7
ADEL,DA5,5
ADEL,DA5,7
ADEL,DA6,5
ADEL,DA6,7
ADEL,DA7,5
ADEL,DA7,7
ADEL,DA8,5
ADEL,DA8,7
ADEL,DA9,5
ADEL,DA9,6
ADEL,DA9,7
ADEL,DB1,5
ADEL,DB1,6
ADEL,DB1,7
ADEL,DB2,5
ADEL,DB2,6
ADEL,DB2,7
ADEL,DB3,5
ADEL,DB3,6
ADEL,DB3,7
ADEL,DB4,5
ADEL,DB4,6
ADEL,DB4,7
ADEL,DB5,5
ADEL,DB5,6
ADEL,DB5,7
ADEL,DB6,5
ADEL,DB6,6
ADEL,DB6,7
ADEL,DB7,5
ADEL,DB7,6
ADEL,DB7,7
ADEL,DD1,7
ADEL,DD2,7
ADEL,DD3,7
ADEL,DD4,7
ADEL,DD5,7
ADEL,DD6,7
ADEL,DVB,7
ADEL,FLPL,5
ADEL,FLPR,5
ADEL,I1L,5
ADEL,I1R,5
ADEL,I2L,8
ADEL,I2R,8
ADEL,I3,8
ADEL,I5,5
ADEL,IL1DL,7
ADEL,IL1DR,7
ADEL,IL1L,7
ADEL,IL1R,7
ADEL,IL1VL,7
ADEL,IL1VR,7
ADEL,M1,8
ADEL,OLLL,8
ADEL,OLLR,8
ADEL,OLQDL,6
ADEL,OLQDR,6
ADEL,OLQVL,6
ADEL,OLQVR,6
ADEL,PDB,5
ADEL,PDB,6
ADEL,PDEL,6
ADEL,PDER,6
ADEL,PHAL,7
ADEL,PHAR,7
ADEL,PLML,5
ADEL,PLML,8
ADEL,PLMR,5
ADEL,PLMR,8
ADEL,PVDL,5
ADEL,PVDL,7
ADEL,PVDR,5
ADEL,PVDR,7
ADEL,PVM,6
ADEL,PVM,7
ADEL,PVM,8
ADEL,PVNL,5
ADEL,PVNL,7
ADEL,PVNR,5
ADEL,PVNR,7
ADEL,PVR,5
ADEL,PVWL,5
ADEL,PVWR,5
ADEL,RIAL,6
ADEL,RIAR,6
ADEL,RICL,7
ADEL,RICR,7
ADEL,RID,5
ADEL,RIGL,5
ADEL,RIGL,6
ADEL,RIGL,7
ADEL,RIGR,5
ADEL,RIGR,6
ADEL,RIGR,7
ADEL,RIML,5
ADEL,RIML,6
ADEL,RIMR,5
ADEL,RIMR,6
ADEL,RIPL,5
ADEL,RIPR,5
ADEL,RIS,5
ADEL,RIS,7
ADEL,RIVL,5
ADEL,RIVR,5
ADEL,RMFL,5
ADEL,RMFL,6
ADEL,RMFR,5
ADEL,RMFR,6
ADEL,RMHL,8
ADEL,RMHR,8
ADEL,SABD,7
ADEL,SABVL,7
ADEL,SABVR,7
ADEL,SIADL,6
ADEL,SIADL,7
ADEL,SIADR,6
ADEL,SIADR,7
ADEL,SIAVL,6
ADEL,SIAVL,7
ADEL,SIAVR,6
ADEL,SIAVR,7
ADEL,SMDDL,5
ADEL,SMDDR,5
ADEL,SMDVL,5
ADEL,SMDVR,5
ADEL,URBL,6
ADEL,URBR,6
ADEL,VA1,5
ADEL,VA1,7
ADEL,VA10,5
ADEL,VA10,7
ADEL,VA11,5
ADEL,VA11,7
ADEL,VA12,5
ADEL,VA12,6
ADEL,VA12,7
ADEL,VA2,5
ADEL,VA2,7
ADEL,VA3,5
ADEL,VA3,7
ADEL,VA4,5
ADEL,VA4,7
ADEL,VA5,5
ADEL,VA5,7
ADEL,VA6,5
ADEL,VA6,7
ADEL,VA7,5
ADEL,VA7,7
ADEL,VA8,5
ADEL,VA8,7
ADEL,VA9,5
ADEL,VA9,7
ADEL,VB1,5
ADEL,VB1,6
ADEL,VB1,7
ADEL,VB10,5
ADEL,VB10,6
ADEL,VB10,7
ADEL,VB11,5
ADEL,VB11,6
ADEL,VB11,7
ADEL,VB2,5
ADEL,VB2,6
ADEL,VB2,7
ADEL,VB3,5
ADEL,VB3,6
ADEL,VB3,7
ADEL,VB4,5
ADEL,VB4,6
ADEL,VB4,7
ADEL,VB5,5
ADEL,VB5,6
ADEL,VB5,7
ADEL,VB6,5
ADEL,VB6,6
ADEL,VB6,7
ADEL,VB7,5
ADEL,VB7,6
ADEL,VB7,7
ADEL,VB8,5
ADEL,VB8,6
ADEL,VB8,7
ADEL,VB9,5
ADEL,VB9,6
ADEL,VB9,7
ADEL,VD1,7
ADEL,VD10,7
ADEL,VD11,7
ADEL,VD12,7
ADEL,VD13,7
ADEL,VD2,7
ADEL,VD3,7
ADEL,VD4,7
ADEL,VD5,7
ADEL,VD6,7
ADEL,VD7,7
ADEL,VD8,7
ADEL,VD9,7
ADER,ADAL,5
ADER,ADAR,5
ADER,ADFL,6
ADER,ADFL,7
ADER,ADFR,6
ADER,ADFR,7
ADER,AIAL,5
ADER,AIAR,5
ADER,AIBL,5
ADER,AIBR,5
ADER,AIZL,5
ADER,AIZR,5
ADER,ALA,7
ADER,ALML,5
ADER,ALML,8
ADER,ALMR,5
ADER,ALMR,8
ADER,AS1,7
ADER,AS10,7
ADER,AS11,7
ADER,AS2,7
ADER,AS3,7
ADER,AS4,7
ADER,AS5,7
ADER,AS6,7
ADER,AS7,7
ADER,AS8,7
ADER,AS9,7
ADER,ASHL,6
ADER,ASHL,7
ADER,ASHR,6
ADER,ASHR,7
ADER,ASKL,6
ADER,ASKL,7
ADER,ASKR,6
ADER,ASKR,7
ADER,AVAL,5
ADER,AVAL,6
ADER,AVAL,7
ADER,AVAR,5
ADER,AVAR,6
ADER,AVAR,7
ADER,AVBL,5
ADER,AVBL,7
ADER,AVBL,8
ADER,AVBR,5
ADER,AVBR,7
ADER,AVBR,8
ADER,AVDL,7
ADER,AVDR,7
ADER,AVEL,5
ADER,AVEL,7
ADER,AVER,5
ADER,AVER,7
ADER,AVFL,7
ADER,AVFR,7
ADER,AVHL,6
ADER,AVHR,6
ADER,AVKL,6
ADER,AVKL,7
ADER,AVKL,8
ADER,AVKR,6
ADER,AVKR,7
ADER,AVKR,8
ADER,AVM,5
ADER,BDUL,5
ADER,BDUR,5
ADER,CEPDL,7
ADER,CEPDR,7
ADER,CEPVL,7
ADER,CEPVR,7
ADER,DA1,5
ADER,DA1,7
ADER,DA2,5
ADER,DA2,7
ADER,DA3,5
ADER,DA3,7
ADER,DA4,5
ADER,DA4,7
ADER,DA5,5
ADER,DA5,7
ADER,DA6,5
ADER,DA6,7
ADER,DA7,5
ADER,DA7,7
ADER,DA8,5
ADER,DA8,7
ADER,DA9,5
ADER,DA9,6
ADER,DA9,7
ADER,DB1,5
ADER,DB1,6
ADER,DB1,7
ADER,DB2,5
ADER,DB2,6
ADER,DB2,7
ADER,DB3,5
ADER,DB3,6
ADER,DB3,7
ADER,DB4,5
ADER,DB4,6
ADER,DB4,7
ADER,DB5,5
ADER,DB5,6
ADER,DB5,7
ADER,DB6,5
ADER,DB6,6
ADER,DB6,7
ADER,DB7,5
ADER,DB7,6
ADER,DB7,7
ADER,DD1,7
ADER,DD2,7
ADER,DD3,7
ADER,DD4,7
ADER,DD5,7
ADER,DD6,7
ADER,DVB,7
ADER,FLPL,5
ADER,FLPR,5
ADER,I1L,5
ADER,I1R,5
ADER,I2L,8
ADER,I2R,8
ADER,I3,8
ADER,I5,5
ADER,IL1DL,7
ADER,IL1DR,7
ADER,IL1L,7
ADER,IL1R,7
ADER,IL1VL,7
ADER,IL1VR,7
ADER,M1,8
ADER,OLLL,8
ADER,OLLR,8
ADER,OLQDL,6
ADER,OLQDR,6
ADER,OLQVL,6
ADER,OLQVR,6
ADER,PDB,5
ADER,PDB,6
ADER,PDEL,6
ADER,PDER,6
ADER,PHAL,7
ADER,PHAR,7
ADER,PLML,5
ADER,PLML,8
ADER,PLMR,5
ADER,PLMR,8
ADER,PVDL,5
ADER,PVDL,7
ADER,PVDR,5
ADER,PVDR,7
ADER,PVM,6
ADER,PVM,7
ADER,PVM,8
ADER,PVNL,5
ADER,PVNL,7
ADER,PVNR,5
ADER,PVNR,7
ADER,PVR,5
ADER,PVWL,5
ADER,PVWR,5
ADER,RIAL,6
ADER,RIAR,6
ADER,RICL,7
ADER,RICR,7
ADER,RID,5
ADER,RIGL,5
ADER,RIGL,6
ADER,RIGL,7
ADER,RIGR,5
ADER,RIGR,6
ADER,RIGR,7
ADER,RIML,5
ADER,RIML,6
ADER,RIMR,5
ADER,RIMR,6
ADER,RIPL,5
ADER,RIPR,5
ADER,RIS,5
ADER,RIS,7
ADER,RIVL,5
ADER,RIVR,5
ADER,RMFL,5
ADER,RMFL,6
ADER,RMFR,5
ADER,RMFR,6
ADER,RMHL,8
ADER,RMHR,8
ADER,SABD,7
ADER,SABVL,7
ADER,SABVR,7
ADER,SIADL,6
ADER,SIADL,7
ADER,SIADR,6
ADER,SIADR,7
ADER,SIAVL,6
ADER,SIAVL,7
ADER,SIAVR,6
ADER,SIAVR,7
ADER,SMDDL,5
ADER,SMDDR,5
ADER,SMDVL,5
ADER,SMDVR,5
ADER,URBL,6
ADER,URBR,6
ADER,VA1,5
ADER,VA1,7
ADER,VA10,5
ADER,VA10,7
ADER,VA11,5
ADER,VA11,7
ADER,VA12,5
ADER,VA12,6
ADER,VA12,7
ADER,VA2,5
ADER,VA2,7
ADER,VA3,5
ADER,VA3,7
ADER,VA4,5
ADER,VA4,7
ADER,VA5,5
ADER,VA5,7
ADER,VA6,5
ADER,VA6,7
ADER,VA7,5
ADER,VA7,7
ADER,VA8,5
ADER,VA8,7
ADER,VA9,5
ADER,VA9,7
ADER,VB1,5
ADER,VB1,6
ADER,VB1,7
ADER,VB10,5
ADER,VB10,6
ADER,VB10,7
ADER,VB11,5
ADER,VB11,6
ADER,VB11,7
ADER,VB2,5
ADER,VB2,6
ADER,VB2,7
ADER,VB3,5
ADER,VB3,6
ADER,VB3,7
ADER,VB4,5
ADER,VB4,6
ADER,VB4,7
ADER,VB5,5
ADER,VB5,6
ADER,VB5,7
ADER,VB6,5
ADER,VB6,6
ADER,VB6,7
ADER,VB7,5
ADER,VB7,6
ADER,VB7,7
ADER,VB8,5
ADER,VB8,6
ADER,VB8,7
ADER,VB9,5
ADER,VB9,6
ADER,VB9,7
ADER,VD1,7
ADER,VD10,7
ADER,VD11,7
ADER,VD12,7
ADER,VD13,7
ADER,VD2,7
ADER,VD3,7
ADER,VD4,7
ADER,VD5,7
ADER,VD6,7
ADER,VD7,7
ADER,VD8,7
ADER,VD9,7
ADFL,ADFL,1
ADFL,ADFL,3
ADFL,ADFR,1
ADFL,ADFR,3
ADFL,ADLL,1
ADFL,ADLR,1
ADFL,AIBL,1
ADFL,AIBL,2
ADFL,AIBR,1
ADFL,AIBR,2
ADFL,AIML,3
ADFL,AIMR,3
ADFL,AINL,2
ADFL,AINR,2
ADFL,AIYL,2
ADFL,AIYR,2
ADFL,AIZL,1
ADFL,AIZL,2
ADFL,AIZL,3
ADFL,AIZR,1
ADFL,AIZR,2
ADFL,AIZR,3
ADFL,ASGL,1
ADFL,ASGL,2
ADFL,ASGR,1
ADFL,ASGR,2
ADFL,ASHL,2
ADFL,ASHR,2
ADFL,AUAL,4
ADFL,AUAR,4
ADFL,AVBL,2
ADFL,AVBR,2
ADFL,AVDL,2
ADFL,AVDR,2
ADFL,AVEL,3
ADFL,AVER,3
ADFL,AVG,1
ADFL,AVHL,2
ADFL,AVHR,2
ADFL,AVJL,2
ADFL,AVJR,2
ADFL,AVL,2
ADFL,AVL,4
ADFL,BAGL,2
ADFL,BAGR,2
ADFL,BDUL,2
ADFL,BDUR,2
ADFL,DVA,2
ADFL,DVB,4
ADFL,FLPL,1
ADFL,FLPR,1
ADFL,HSNL,2
ADFL,HSNL,3
ADFL,HSNR,2
ADFL,HSNR,3
ADFL,I1L,1
ADFL,I1R,1
ADFL,I2L,1
ADFL,I2L,4
ADFL,I2R,1
ADFL,I2R,4
ADFL,I3,3
ADFL,I3,4
ADFL,I4,4
ADFL,I5,4
ADFL,I6,4
ADFL,IL1DL,4
ADFL,IL1DR,4
ADFL,IL1L,4
ADFL,IL1R,4
ADFL,IL1VL,4
ADFL,IL1VR,4
ADFL,IL2DL,3
ADFL,IL2DR,3
ADFL,IL2L,1
ADFL,IL2L,3
ADFL,IL2R,1
ADFL,IL2R,3
ADFL,IL2VL,3
ADFL,IL2VR,3
ADFL,M1,2
ADFL,M2L,4
ADFL,M2R,4
ADFL,M3L,4
ADFL,M3R,4
ADFL,M4,4
ADFL,M5,4
ADFL,MCL,4
ADFL,MCR,4
ADFL,MI,4
ADFL,NSML,1
ADFL,NSML,2
ADFL,NSMR,1
ADFL,NSMR,2
ADFL,PVCL,2
ADFL,PVCR,2
ADFL,PVDL,2
ADFL,PVDR,2
ADFL,PVNL,2
ADFL,PVNR,2
ADFL,PVT,1
ADFL,PVWL,2
ADFL,PVWR,2
ADFL,RIAL,1
ADFL,RIAR,1
ADFL,RIGL,2
ADFL,RIGR,2
ADFL,RIH,1
ADFL,RIH,3
ADFL,RIML,2
ADFL,RIML,3
ADFL,RIMR,2
ADFL,RIMR,3
ADFL,RIPL,1
ADFL,RIPL,2
ADFL,RIPL,3
ADFL,RIPR,1
ADFL,RIPR,2
ADFL,RIPR,3
ADFL,RIR,1
ADFL,RIR,2
ADFL,RIR,3
ADFL,RIS,2
ADFL,RIS,4
ADFL,RMDDL,3
ADFL,RMDDR,3
ADFL,RMDL,2
ADFL,RMDL,3
ADFL,RMDR,2
ADFL,RMDR,3
ADFL,RMDVL,3
ADFL,RMDVR,3
ADFL,RMED,4
ADFL,RMEL,3
ADFL,RMER,3
ADFL,RMEV,4
ADFL,RMFL,2
ADFL,RMFR,2
ADFL,SAADL,2
ADFL,SAADR,2
ADFL,SAAVL,2
ADFL,SAAVR,2
ADFL,SIADL,2
ADFL,SIADR,2
ADFL,SIAVL,2
ADFL,SIAVR,2
ADFL,SMBDL,3
ADFL,SMBDR,3
ADFL,SMBVL,3
ADFL,SMBVR,3
ADFL,SMDDL,2
ADFL,SMDDL,3
ADFL,SMDDR,2
ADFL,SMDDR,3
ADFL,SMDVL,2
ADFL,SMDVL,3
ADFL,SMDVR,2
ADFL,SMDVR,3
ADFL,URADL,1
ADFL,URADL,3
ADFL,URADR,1
ADFL,URADR,3
ADFL,URAVL,1
ADFL,URAVL,3
ADFL,URAVR,1
ADFL,URAVR,3
ADFL,URBL,1
ADFL,URBL,2
ADFL,URBR,1
ADFL,URBR,2
ADFL,URXL,2
ADFL,URXL,3
ADFL,URXR,2
ADFL,URXR,3
ADFL,VB1,2
ADFL,VC4,4
ADFL,VC5,4
ADFR,ADFL,1
ADFR,ADFL,3
ADFR,ADFR,1
ADFR,ADFR,3
ADFR,ADLL,1
ADFR,ADLR,1
ADFR,AIBL,1
ADFR,AIBL,2
ADFR,AIBR,1
ADFR,AIBR,2
ADFR,AIML,3
ADFR,AIMR,3
ADFR,AINL,2
ADFR,AINR,2
ADFR,AIYL,2
ADFR,AIYR,2
ADFR,AIZL,1
ADFR,AIZL,2
ADFR,AIZL,3
ADFR,AIZR,1
ADFR,AIZR,2
ADFR,AIZR,3
ADFR,ASGL,1
ADFR,ASGL,2
ADFR,ASGR,1
ADFR,ASGR,2
ADFR,ASHL,2
ADFR,ASHR,2
ADFR,AUAL,4
ADFR,AUAR,4
ADFR,AVBL,2
ADFR,AVBR,2
ADFR,AVDL,2
ADFR,AVDR,2
ADFR,AVEL,3
ADFR,AVER,3
ADFR,AVG,1
ADFR,AVHL,2
ADFR,AVHR,2
ADFR,AVJL,2
ADFR,AVJR,2
ADFR,AVL,2
ADFR,AVL,4
ADFR,BAGL,2
ADFR,BAGR,2
ADFR,BDUL,2
ADFR,BDUR,2
ADFR,DVA,2
ADFR,DVB,4
ADFR,FLPL,1
ADFR,FLPR,1
ADFR,HSNL,2
ADFR,HSNL,3
ADFR,HSNR,2
ADFR,HSNR,3
ADFR,I1L,1
ADFR,I1R,1
ADFR,I2L,1
ADFR,I2L,4
ADFR,I2R,1
ADFR,I2R,4
ADFR,I3,3
ADFR,I3,4
ADFR,I4,4
ADFR,I5,4
ADFR,I6,4
ADFR,IL1DL,4
ADFR,IL1DR,4
ADFR,IL1L,4
ADFR,IL1R,4
ADFR,IL1VL,4
ADFR,IL1VR,4
ADFR,IL2DL,3
ADFR,IL2DR,3
ADFR,IL2L,1
ADFR,IL2L,3
ADFR,IL2R,1
ADFR,IL2R,3
ADFR,IL2VL,3
ADFR,IL2VR,3
ADFR,M1,2
ADFR,M2L,4
ADFR,M2R,4
ADFR,M3L,4
ADFR,M3R,4
ADFR,M4,4
ADFR,M5,4
ADFR,MCL,4
ADFR,MCR,4
ADFR,MI,4
ADFR,NSML,1
ADFR,NSML,2
ADFR,NSMR,1
ADFR,NSMR,2
ADFR,PVCL,2
ADFR,PVCR,2
ADFR,PVDL,2
ADFR,PVDR,2
ADFR,PVNL,2
ADFR,PVNR,2
ADFR,PVT,1
ADFR,PVWL,2
ADFR,PVWR,2
ADFR,RIAL,1
ADFR,RIAR,1
ADFR,RIGL,2
ADFR,RIGR,2
ADFR,RIH,1
ADFR,RIH,3
ADFR,RIML,2
ADFR,RIML,3
ADFR,RIMR,2
ADFR,RIMR,3
ADFR,RIPL,1
ADFR,RIPL,2
ADFR,RIPL,3
ADFR,RIPR,1
ADFR,RIPR,2
ADFR,RIPR,3
ADFR,RIR,1
ADFR,RIR,2
ADFR,RIR,3
ADFR,RIS,2
ADFR,RIS,4
ADFR,RMDDL,3
ADFR,RMDDR,3
ADFR,RMDL,2
ADFR,RMDL,3
ADFR,RMDR,2
ADFR,RMDR,3
ADFR,RMDVL,3
ADFR,RMDVR,3
ADFR,RMED,4
ADFR,RMEL,3
ADFR,RMER,3
ADFR,RMEV,4
ADFR,RMFL,2
ADFR,RMFR,2
ADFR,SAADL,2
ADFR,SAADR,2
ADFR,SAAVL,2
ADFR,SAAVR,2
ADFR,SIADL,2
ADFR,SIADR,2
ADFR,SIAVL,2
ADFR,SIAVR,2
ADFR,SMBDL,3
ADFR,SMBDR,3
ADFR,SMBVL,3
ADFR,SMBVR,3
ADFR,SMDDL,2
ADFR,SMDDL,3
ADFR,SMDDR,2
ADFR,SMDDR,3
ADFR,SMDVL,2
ADFR,SMDVL,3
ADFR,SMDVR,2
ADFR,SMDVR,3
ADFR,URADL,1
ADFR,URADL,3
ADFR,URADR,1
ADFR,URADR,3
ADFR,URAVL,1
ADFR,URAVL,3
ADFR,URAVR,1
ADFR,URAVR,3
ADFR,URBL,1
ADFR,URBL,2
ADFR,URBR,1
ADFR,URBR,2
ADFR,URXL,2
ADFR,URXL,3
ADFR,URXR,2
ADFR,URXR,3
ADFR,VB1,2
ADFR,VC4,4
ADFR,VC5,4
CEPDL,ADAL,5
CEPDL,ADAR,5
CEPDL,ADFL,6
CEPDL,ADFL,7
CEPDL,ADFR,6
CEPDL,ADFR,7
CEPDL,AIAL,5
CEPDL,AIAR,5
CEPDL,AIBL,5
CEPDL,AIBR,5
CEPDL,AIZL,5
CEPDL,AIZR,5
CEPDL,ALA,7
CEPDL,ALML,5
CEPDL,ALML,8
CEPDL,ALMR,5
CEPDL,ALMR,8
CEPDL,AS1,7
CEPDL,AS10,7
CEPDL,AS11,7
CEPDL,AS2,7
CEPDL,AS3,7
CEPDL,AS4,7
CEPDL,AS5,7
CEPDL,AS6,7
CEPDL,AS7,7
CEPDL,AS8,7
CEPDL,AS9,7
CEPDL,ASHL,6
CEPDL,ASHL,7
CEPDL,ASHR,6
CEPDL,ASHR,7
CEPDL,ASKL,6
CEPDL,ASKL,7
CEPDL,ASKR,6
CEPDL,ASKR,7
CEPDL,AVAL,5
CEPDL,AVAL,6
CEPDL,AVAL,7
CEPDL,AVAR,5
CEPDL,AVAR,6
CEPDL,AVAR,7
CEPDL,AVBL,5
CEPDL,AVBL,7
CEPDL,AVBL,8
CEPDL,AVBR,5
CEPDL,AVBR,7
CEPDL,AVBR,8
CEPDL,AVDL,7
CEPDL,AVDR,7
CEPDL,AVEL,5
CEPDL,AVEL,7
CEPDL,AVER,5
CEPDL,AVER,7
CEPDL,AVFL,7
CEPDL,AVFR,7
CEPDL,AVHL,6
CEPDL,AVHR,6
CEPDL,AVKL,6
CEPDL,AVKL,7
CEPDL,AVKL,8
CEPDL,AVKR,6
CEPDL,AVKR,7
CEPDL,AVKR,8
CEPDL,AVM,5
CEPDL,BDUL,5
CEPDL,BDUR,5
CEPDL,CEPDL,7
CEPDL,CEPDR,7
CEPDL,CEPVL,7
CEPDL,CEPVR,7
CEPDL,DA1,5
CEPDL,DA1,7
CEPDL,DA2,5
CEPDL,DA2,7
CEPDL,DA3,5
CEPDL,DA3,7
CEPDL,DA4,5
CEPDL,DA4,7
CEPDL,DA5,5
CEPDL,DA5,7
CEPDL,DA6,5
CEPDL,DA6,7
CEPDL,DA7,5
CEPDL,DA7,7
CEPDL,DA8,5
CEPDL,DA8,7
CEPDL,DA9,5
CEPDL,DA9,6
CEPDL,DA9,7
CEPDL,DB1,5
CEPDL,DB1,6
CEPDL,DB1,7
CEPDL,DB2,5
CEPDL,DB2,6
CEPDL,DB2,7
CEPDL,DB3,5
CEPDL,DB3,6
CEPDL,DB3,7
CEPDL,DB4,5
CEPDL,DB4,6
CEPDL,DB4,7
CEPDL,DB5,5
CEPDL,DB5,6
CEPDL,DB5,7
CEPDL,DB6,5
CEPDL,DB6,6
CEPDL,DB6,7
CEPDL,DB7,5
CEPDL,DB7,6
CEPDL,DB7,7
CEPDL,DD1,7
CEPDL,DD2,7
CEPDL,DD3,7
CEPDL,DD4,7
CEPDL,DD5,7
CEPDL,DD6,7
CEPDL,DVB,7
CEPDL,FLPL,5
CEPDL,FLPR,5
CEPDL,I1L,5
CEPDL,I1R,5
CEPDL,I2L,8
CEPDL,I2R,8
CEPDL,I3,8
CEPDL,I5,5
CEPDL,IL1DL,7
CEPDL,IL1DR,7
CEPDL,IL1L,7
CEPDL,IL1R,7
CEPDL,IL1VL,7
CEPDL,IL1VR,7
CEPDL,M1,8
CEPDL,OLLL,8
CEPDL,OLLR,8
CEPDL,OLQDL,6
CEPDL,OLQDR,6
CEPDL,OLQVL,6
CEPDL,OLQVR,6
CEPDL,PDB,5
CEPDL,PDB,6
CEPDL,PDEL,6
CEPDL,PDER,6
CEPDL,PHAL,7
CEPDL,PHAR,7
CEPDL,PLML,5
CEPDL,PLML,8
CEPDL,PLMR,5
CEPDL,PLMR,8
CEPDL,PVDL,5
CEPDL,PVDL,7
CEPDL,PVDR,5
CEPDL,PVDR,7
CEPDL,PVM,6
CEPDL,PVM,7
CEPDL,PVM,8
CEPDL,PVNL,5
CEPDL,PVNL,7
CEPDL,PVNR,5
CEPDL,PVNR,7
CEPDL,PVR,5
CEPDL,PVWL,5
CEPDL,PVWR,5
CEPDL,RIAL,6
CEPDL,RIAR,6
CEPDL,RICL,7
CEPDL,RICR,7
CEPDL,RID,5
CEPDL,RIGL,5
CEPDL,RIGL,6
CEPDL,RIGL,7
CEPDL,RIGR,5
CEPDL,RIGR,6
CEPDL,RIGR,7
CEPDL,RIML,5
CEPDL,RIML,6
CEPDL,RIMR,5
CEPDL,RIMR,6
CEPDL,RIPL,5
CEPDL,RIPR,5
CEPDL,RIS,5
CEPDL,RIS,7
CEPDL,RIVL,5
CEPDL,RIVR,5
CEPDL,RMFL,5
CEPDL,RMFL,6
CEPDL,RMFR,5
CEPDL,RMFR,6
CEPDL,RMHL,8
CEPDL,RMHR,8
CEPDL,SABD,7
CEPDL,SABVL,7
CEPDL,SABVR,7
CEPDL,SIADL,6
CEPDL,SIADL,7
CEPDL,SIADR,6
CEPDL,SIADR,7
CEPDL,SIAVL,6
CEPDL,SIAVL,7
CEPDL,SIAVR,6
CEPDL,SIAVR,7
CEPDL,SMDDL,5
CEPDL,SMDDR,5
CEPDL,SMDVL,5
CEPDL,SMDVR,5
CEPDL,URBL,6
CEPDL,URBR,6
CEPDL,VA1,5
CEPDL,VA1,7
CEPDL,VA10,5
CEPDL,VA10,7
CEPDL,VA11,5
CEPDL,VA11,7
CEPDL,VA12,5
CEPDL,VA12,6
CEPDL,VA12,7
CEPDL,VA2,5
CEPDL,VA2,7
CEPDL,VA3,5
CEPDL,VA3,7
CEPDL,VA4,5
CEPDL,VA4,7
CEPDL,VA5,5
CEPDL,VA5,7
CEPDL,VA6,5
CEPDL,VA6,7
CEPDL,VA7,5
CEPDL,VA7,7
CEPDL,VA8,5
CEPDL,VA8,7
CEPDL,VA9,5
CEPDL,VA9,7
CEPDL,VB1,5
CEPDL,VB1,6
CEPDL,VB1,7
CEPDL,VB10,5
CEPDL,VB10,6
CEPDL,VB10,7
CEPDL,VB11,5
CEPDL,VB11,6
CEPDL,VB11,7
CEPDL,VB2,5
CEPDL,VB2,6
CEPDL,VB2,7
CEPDL,VB3,5
CEPDL,VB3,6
CEPDL,VB3,7
CEPDL,VB4,5
CEPDL,VB4,6
CEPDL,VB4,7
CEPDL,VB5,5
CEPDL,VB5,6
CEPDL,VB5,7
CEPDL,VB6,5
CEPDL,VB6,6
CEPDL,VB6,7
CEPDL,VB7,5
CEPDL,VB7,6
CEPDL,VB7,7
CEPDL,VB8,5
CEPDL,VB8,6
CEPDL,VB8,7
CEPDL,VB9,5
CEPDL,VB9,6
CEPDL,VB9,7
CEPDL,VD1,7
CEPDL,VD10,7
CEPDL,VD11,7
CEPDL,VD12,7
CEPDL,VD13,7
CEPDL,VD2,7
CEPDL,VD3,7
CEPDL,VD4,7
CEPDL,VD5,7
CEPDL,VD6,7
CEPDL,VD7,7
CEPDL,VD8,7
CEPDL,VD9,7
CEPDR,ADAL,5
CEPDR,ADAR,5
CEPDR,ADFL,6
CEPDR,ADFL,7
CEPDR,ADFR,6
CEPDR,ADFR,7
CEPDR,AIAL,5
CEPDR,AIAR,5
CEPDR,AIBL,5
CEPDR,AIBR,5
CEPDR,AIZL,5
CEPDR,AIZR,5
CEPDR,ALA,7
CEPDR,ALML,5
CEPDR,ALML,8
CEPDR,ALMR,5
CEPDR,ALMR,8
CEPDR,AS1,7
CEPDR,AS10,7
CEPDR,AS11,7
CEPDR,AS2,7
CEPDR,AS3,7
CEPDR,AS4,7
CEPDR,AS5,7
CEPDR,AS6,7
CEPDR,AS7,7
CEPDR,AS8,7
CEPDR,AS9,7
CEPDR,ASHL,6
CEPDR,ASHL,7
CEPDR,ASHR,6
CEPDR,ASHR,7
CEPDR,ASKL,6
CEPDR,ASKL,7
CEPDR,ASKR,6
CEPDR,ASKR,7
CEPDR,AVAL,5
CEPDR,AVAL,6
CEPDR,AVAL,7
CEPDR,AVAR,5
CEPDR,AVAR,6
CEPDR,AVAR,7
CEPDR,AVBL,5
CEPDR,AVBL,7
CEPDR,AVBL,8
CEPDR,AVBR,5
CEPDR,AVBR,7
CEPDR,AVBR,8
CEPDR,AVDL,7
CEPDR,AVDR,7
CEPDR,AVEL,5
CEPDR,AVEL,7
CEPDR,AVER,5
CEPDR,AVER,7
CEPDR,AVFL,7
CEPDR,AVFR,7
CEPDR,AVHL,6
CEPDR,AVHR,6
CEPDR,AVKL,6
CEPDR,AVKL,7
CEPDR,AVKL,8
CEPDR,AVKR,6
CEPDR,AVKR,7
CEPDR,AVKR,8
CEPDR,AVM,5
CEPDR,BDUL,5
CEPDR,BDUR,5
CEPDR,CEPDL,7
CEPDR,CEPDR,7
CEPDR,CEPVL,7
CEPDR,CEPVR,7
CEPDR,DA1,5
CEPDR,DA1,7
CEPDR,DA2,5
CEPDR,DA2,7
CEPDR,DA3,5
CEPDR,DA3,7
CEPDR,DA4,5
CEPDR,DA4,7
CEPDR,DA5,5
CEPDR,DA5,7
CEPDR,DA6,5
CEPDR,DA6,7
CEPDR,DA7,5
CEPDR,DA7,7
CEPDR,DA8,5
CEPDR,DA8,7
CEPDR,DA9,5
CEPDR,DA9,6
CEPDR,DA9,7
CEPDR,DB1,5
CEPDR,DB1,6
CEPDR,DB1,7
CEPDR,DB2,5
CEPDR,DB2,6
CEPDR,DB2,7
CEPDR,DB3,5
CEPDR,DB3,6
CEPDR,DB3,7
CEPDR,DB4,5
CEPDR,DB4,6
CEPDR,DB4,7
CEPDR,DB5,5
CEPDR,DB5,6
CEPDR,DB5,7
CEPDR,DB6,5
CEPDR,DB6,6
CEPDR,DB6,7
CEPDR,DB7,5
CEPDR,DB7,6
CEPDR,DB7,7
CEPDR,DD1,7
CEPDR,DD2,7
CEPDR,DD3,7
CEPDR,DD4,7
CEPDR,DD5,7
CEPDR,DD6,7
CEPDR,DVB,7
CEPDR,FLPL,5
CEPDR,FLPR,5
CEPDR,I1L,5
CEPDR,I1R,5
CEPDR,I2L,8
CEPDR,I2R,8
CEPDR,I3,8
CEPDR,I5,5
CEPDR,IL1DL,7
CEPDR,IL1DR,7
CEPDR,IL1L,7
CEPDR,IL1R,7
CEPDR,IL1VL,7
CEPDR,IL1VR,7
CEPDR,M1,8
CEPDR,OLLL,8
CEPDR,OLLR,8
CEPDR,OLQDL,6
CEPDR,OLQDR,6
CEPDR,OLQVL,6
CEPDR,OLQVR,6
CEPDR,PDB,5
CEPDR,PDB,6
CEPDR,PDEL,6
CEPDR,PDER,6
CEPDR,PHAL,7
CEPDR,PHAR,7
CEPDR,PLML,5
CEPDR,PLML,8
CEPDR,PLMR,5
CEPDR,PLMR,8
CEPDR,PVDL,5
CEPDR,PVDL,7
CEPDR,PVDR,5
CEPDR,PVDR,7
CEPDR,PVM,6
CEPDR,PVM,7
CEPDR,PVM,8
CEPDR,PVNL,5
CEPDR,PVNL,7
CEPDR,PVNR,5
CEPDR,PVNR,7
CEPDR,PVR,5
CEPDR,PVWL,5
CEPDR,PVWR,5
CEPDR,RIAL,6
CEPDR,RIAR,6
CEPDR,RICL,7
CEPDR,RICR,7
CEPDR,RID,5
CEPDR,RIGL,5
CEPDR,RIGL,6
CEPDR,RIGL,7
CEPDR,RIGR,5
CEPDR,RIGR,6
CEPDR,RIGR,7
CEPDR,RIML,5
CEPDR,RIML,6
CEPDR,RIMR,5
CEPDR,RIMR,6
CEPDR,RIPL,5
CEPDR,RIPR,5
CEPDR,RIS,5
CEPDR,RIS,7
CEPDR,RIVL,5
CEPDR,RIVR,5
CEPDR,RMFL,5
CEPDR,RMFL,6
CEPDR,RMFR,5
CEPDR,RMFR,6
CEPDR,RMHL,8
CEPDR,RMHR,8
CEPDR,SABD,7
CEPDR,SABVL,7
CEPDR,SABVR,7
CEPDR,SIADL,6
CEPDR,SIADL,7
CEPDR,SIADR,6
CEPDR,SIADR,7
CEPDR,SIAVL,6
CEPDR,SIAVL,7
CEPDR,SIAVR,6
CEPDR,SIAVR,7
CEPDR,SMDDL,5
CEPDR,SMDDR,5
CEPDR,SMDVL,5
CEPDR,SMDVR,5
CEPDR,URBL,6
CEPDR,URBR,6
CEPDR,VA1,5
CEPDR,VA1,7
CEPDR,VA10,5
CEPDR,VA10,7
CEPDR,VA11,5
CEPDR,VA11,7
CEPDR,VA12,5
CEPDR,VA12,6
CEPDR,VA12,7
CEPDR,VA2,5
CEPDR,VA2,7
CEPDR,VA3,5
CEPDR,VA3,7
CEPDR,VA4,5
CEPDR,VA4,7
CEPDR,VA5,5
CEPDR,VA5,7
CEPDR,VA6,5
CEPDR,VA6,7
CEPDR,VA7,5
CEPDR,VA7,7
CEPDR,VA8,5
CEPDR,VA8,7
CEPDR,VA9,5
CEPDR,VA9,7
CEPDR,VB1,5
CEPDR,VB1,6
CEPDR,VB1,7
CEPDR,VB10,5
CEPDR,VB10,6
CEPDR,VB10,7
CEPDR,VB11,5
CEPDR,VB11,6
CEPDR,VB11,7
CEPDR,VB2,5
CEPDR,VB2,6
CEPDR,VB2,7
CEPDR,VB3,5
CEPDR,VB3,6
CEPDR,VB3,7
CEPDR,VB4,5
CEPDR,VB4,6
CEPDR,VB4,7
CEPDR,VB5,5
CEPDR,VB5,6
CEPDR,VB5,7
CEPDR,VB6,5
CEPDR,VB6,6
CEPDR,VB6,7
CEPDR,VB7,5
CEPDR,VB7,6
CEPDR,VB7,7
CEPDR,VB8,5
CEPDR,VB8,6
CEPDR,VB8,7
CEPDR,VB9,5
CEPDR,VB9,6
CEPDR,VB9,7
CEPDR,VD1,7
CEPDR,VD10,7
CEPDR,VD11,7
CEPDR,VD12,7
CEPDR,VD13,7
CEPDR,VD2,7
CEPDR,VD3,7
CEPDR,VD4,7
CEPDR,VD5,7
CEPDR,VD6,7
CEPDR,VD7,7
CEPDR,VD8,7
CEPDR,VD9,7
CEPVL,ADAL,5
CEPVL,ADAR,5
CEPVL,ADFL,6
CEPVL,ADFL,7
CEPVL,ADFR,6
CEPVL,ADFR,7
CEPVL,AIAL,5
CEPVL,AIAR,5
CEPVL,AIBL,5
CEPVL,AIBR,5
CEPVL,AIZL,5
CEPVL,AIZR,5
CEPVL,ALA,7
CEPVL,ALML,5
CEPVL,ALML,8
CEPVL,ALMR,5
CEPVL,ALMR,8
CEPVL,AS1,7
CEPVL,AS10,7
CEPVL,AS11,7
CEPVL,AS2,7
CEPVL,AS3,7
CEPVL,AS4,7
CEPVL,AS5,7
CEPVL,AS6,7
CEPVL,AS7,7
CEPVL,AS8,7
CEPVL,AS9,7
CEPVL,ASHL,6
CEPVL,ASHL,7
CEPVL,ASHR,6
CEPVL,ASHR,7
CEPVL,ASKL,6
CEPVL,ASKL,7
CEPVL,ASKR,6
CEPVL,ASKR,7
CEPVL,AVAL,5
CEPVL,AVAL,6
CEPVL,AVAL,7
CEPVL,AVAR,5
CEPVL,AVAR,6
CEPVL,AVAR,7
CEPVL,AVBL,5
CEPVL,AVBL,7
CEPVL,AVBL,8
CEPVL,AVBR,5
CEPVL,AVBR,7
CEPVL,AVBR,8
CEPVL,AVDL,7
CEPVL,AVDR,7
CEPVL,AVEL,5
CEPVL,AVEL,7
CEPVL,AVER,5
CEPVL,AVER,7
CEPVL,AVFL,7
CEPVL,AVFR,7
CEPVL,AVHL,6
CEPVL,AVHR,6
CEPVL,AVKL,6
CEPVL,AVKL,7
CEPVL,AVKL,8
CEPVL,AVKR,6
CEPVL,AVKR,7
CEPVL,AVKR,8
CEPVL,AVM,5
CEPVL,BDUL,5
CEPVL,BDUR,5
CEPVL,CEPDL,7
CEPVL,CEPDR,7
CEPVL,CEPVL,7
CEPVL,CEPVR,7
CEPVL,DA1,5
CEPVL,DA1,7
CEPVL,DA2,5
CEPVL,DA2,7
CEPVL,DA3,5
CEPVL,DA3,7
CEPVL,DA4,5
CEPVL,DA4,7
CEPVL,DA5,5
CEPVL,DA5,7
CEPVL,DA6,5
CEPVL,DA6,7
CEPVL,DA7,5
CEPVL,DA7,7
CEPVL,DA8,5
CEPVL,DA8,7
CEPVL,DA9,5
CEPVL,DA9,6
CEPVL,DA9,7
CEPVL,DB1,5
CEPVL,DB1,6
CEPVL,DB1,7
CEPVL,DB2,5
CEPVL,DB2,6
CEPVL,DB2,7
CEPVL,DB3,5
CEPVL,DB3,6
CEPVL,DB3,7
CEPVL,DB4,5
CEPVL,DB4,6
CEPVL,DB4,7
CEPVL,DB5,5
CEPVL,DB5,6
CEPVL,DB5,7
CEPVL,DB6,5
CEPVL,DB6,6
CEPVL,DB6,7
CEPVL,DB7,5
CEPVL,DB7,6
CEPVL,DB7,7
CEPVL,DD1,7
CEPVL,DD2,7
CEPVL,DD3,7
CEPVL,DD4,7
CEPVL,DD5,7
CEPVL,DD6,7
CEPVL,DVB,7
CEPVL,FLPL,5
CEPVL,FLPR,5
CEPVL,I1L,5
CEPVL,I1R,5
CEPVL,I2L,8
CEPVL,I2R,8
CEPVL,I3,8
CEPVL,I5,5
CEPVL,IL1DL,7
CEPVL,IL1DR,7
CEPVL,IL1L,7
CEPVL,IL1R,7
CEPVL,IL1VL,7
CEPVL,IL1VR,7
CEPVL,M1,8
CEPVL,OLLL,8
CEPVL,OLLR,8
CEPVL,OLQDL,6
CEPVL,OLQDR,6
CEPVL,OLQVL,6
CEPVL,OLQVR,6
CEPVL,PDB,5
CEPVL,PDB,6
CEPVL,PDEL,6
CEPVL,PDER,6
CEPVL,PHAL,7
CEPVL,PHAR,7
CEPVL,PLML,5
CEPVL,PLML,8
CEPVL,PLMR,5
CEPVL,PLMR,8
CEPVL,PVDL,5
CEPVL,PVDL,7
CEPVL,PVDR,5
CEPVL,PVDR,7
CEPVL,PVM,6
CEPVL,PVM,7
CEPVL,PVM,8
CEPVL,PVNL,5
CEPVL,PVNL,7
CEPVL,PVNR,5
CEPVL,PVNR,7
CEPVL,PVR,5
CEPVL,PVWL,5
CEPVL,PVWR,5
CEPVL,RIAL,6
CEPVL,RIAR,6
CEPVL,RICL,7
CEPVL,RICR,7
CEPVL,RID,5
CEPVL,RIGL,5
CEPVL,RIGL,6
CEPVL,RIGL,7
CEPVL,RIGR,5
CEPVL,RIGR,6
CEPVL,RIGR,7
CEPVL,RIML,5
CEPVL,RIML,6
CEPVL,RIMR,5
CEPVL,RIMR,6
CEPVL,RIPL,5
CEPVL,RIPR,5
CEPVL,RIS,5
CEPVL,RIS,7
CEPVL,RIVL,5
CEPVL,RIVR,5
CEPVL,RMFL,5
CEPVL,RMFL,6
CEPVL,RMFR,5
CEPVL,RMFR,6
CEPVL,RMHL,8
CEPVL,RMHR,8
CEPVL,SABD,7
CEPVL,SABVL,7
CEPVL,SABVR,7
CEPVL,SIADL,6
CEPVL,SIADL,7
CEPVL,SIADR,6
CEPVL,SIADR,7
CEPVL,SIAVL,6
CEPVL,SIAVL,7
CEPVL,SIAVR,6
CEPVL,SIAVR,7
CEPVL,SMDDL,5
CEPVL,SMDDR,5
CEPVL,SMDVL,5
CEPVL,SMDVR,5
CEPVL,URBL,6
CEPVL,URBR,6
CEPVL,VA1,5
CEPVL,VA1,7
CEPVL,VA10,5
CEPVL,VA10,7
CEPVL,VA11,5
CEPVL,VA11,7
CEPVL,VA12,5
CEPVL,VA12,6
CEPVL,VA12,7
CEPVL,VA2,5
CEPVL,VA2,7
CEPVL,VA3,5
CEPVL,VA3,7
CEPVL,VA4,5
CEPVL,VA4,7
CEPVL,VA5,5
CEPVL,VA5,7
CEPVL,VA6,5
CEPVL,VA6,7
CEPVL,VA7,5
CEPVL,VA7,7
CEPVL,VA8,5
CEPVL,VA8,7
CEPVL,VA9,5
CEPVL,VA9,7
CEPVL,VB1,5
CEPVL,VB1,6
CEPVL,VB1,7
CEPVL,VB10,5
CEPVL,VB10,6
CEPVL,VB10,7
CEPVL,VB11,5
CEPVL,VB11,6
CEPVL,VB11,7
CEPVL,VB2,5
CEPVL,VB2,6
CEPVL,VB2,7
CEPVL,VB3,5
CEPVL,VB3,6
CEPVL,VB3,7
CEPVL,VB4,5
CEPVL,VB4,6
CEPVL,VB4,7
CEPVL,VB5,5
CEPVL,VB5,6
CEPVL,VB5,7
CEPVL,VB6,5
CEPVL,VB6,6
CEPVL,VB6,7
CEPVL,VB7,5
CEPVL,VB7,6
CEPVL,VB7,7
CEPVL,VB8,5
CEPVL,VB8,6
CEPVL,VB8,7
CEPVL,VB9,5
CEPVL,VB9,6
CEPVL,VB9,7
CEPVL,VD1,7
CEPVL,VD10,7
CEPVL,VD11,7
CEPVL,VD12,7
CEPVL,VD13,7
CEPVL,VD2,7
CEPVL,VD3,7
CEPVL,VD4,7
CEPVL,VD5,7
CEPVL,VD6,7
CEPVL,VD7,7
CEPVL,VD8,7
CEPVL,VD9,7
CEPVR,ADAL,5
CEPVR,ADAR,5
CEPVR,ADFL,6
CEPVR,ADFL,7
CEPVR,ADFR,6
CEPVR,ADFR,7
CEPVR,AIAL,5
CEPVR,AIAR,5
CEPVR,AIBL,5
CEPVR,AIBR,5
CEPVR,AIZL,5
CEPVR,AIZR,5
CEPVR,ALA,7
CEPVR,ALML,5
CEPVR,ALML,8
CEPVR,ALMR,5
CEPVR,ALMR,8
CEPVR,AS1,7
CEPVR,AS10,7
CEPVR,AS11,7
CEPVR,AS2,7
CEPVR,AS3,7
CEPVR,AS4,7
CEPVR,AS5,7
CEPVR,AS6,7
CEPVR,AS7,7
CEPVR,AS8,7
CEPVR,AS9,7
CEPVR,ASHL,6
CEPVR,ASHL,7
CEPVR,ASHR,6
CEPVR,ASHR,7
CEPVR,ASKL,6
CEPVR,ASKL,7
CEPVR,ASKR,6
CEPVR,ASKR,7
CEPVR,AVAL,5
CEPVR,AVAL,6
CEPVR,AVAL,7
CEPVR,AVAR,5
CEPVR,AVAR,6
CEPVR,AVAR,7
CEPVR,AVBL,5
CEPVR,AVBL,7
CEPVR,AVBL,8
CEPVR,AVBR,5
CEPVR,AVBR,7
CEPVR,AVBR,8
CEPVR,AVDL,7
CEPVR,AVDR,7
CEPVR,AVEL,5
CEPVR,AVEL,7
CEPVR,AVER,5
CEPVR,AVER,7
CEPVR,AVFL,7
CEPVR,AVFR,7
CEPVR,AVHL,6
CEPVR,AVHR,6
CEPVR,AVKL,6
CEPVR,AVKL,7
CEPVR,AVKL,8
CEPVR,AVKR,6
CEPVR,AVKR,7
CEPVR,AVKR,8
CEPVR,AVM,5
CEPVR,BDUL,5
CEPVR,BDUR,5
CEPVR,CEPDL,7
CEPVR,CEPDR,7
CEPVR,CEPVL,7
CEPVR,CEPVR,7
CEPVR,DA1,5
CEPVR,DA1,7
CEPVR,DA2,5
CEPVR,DA2,7
CEPVR,DA3,5
CEPVR,DA3,7
CEPVR,DA4,5
CEPVR,DA4,7
CEPVR,DA5,5
CEPVR,DA5,7
CEPVR,DA6,5
CEPVR,DA6,7
CEPVR,DA7,5
CEPVR,DA7,7
CEPVR,DA8,5
CEPVR,DA8,7
CEPVR,DA9,5
CEPVR,DA9,6
CEPVR,DA9,7
CEPVR,DB1,5
CEPVR,DB1,6
CEPVR,DB1,7
CEPVR,DB2,5
CEPVR,DB2,6
CEPVR,DB2,7
CEPVR,DB3,5
CEPVR,DB3,6
CEPVR,DB3,7
CEPVR,DB4,5
CEPVR,DB4,6
CEPVR,DB4,7
CEPVR,DB5,5
CEPVR,DB5,6
CEPVR,DB5,7
CEPVR,DB6,5
CEPVR,DB6,6
CEPVR,DB6,7
CEPVR,DB7,5
CEPVR,DB7,6
CEPVR,DB7,7
CEPVR,DD1,7
CEPVR,DD2,7
CEPVR,DD3,7
CEPVR,DD4,7
CEPVR,DD5,7
CEPVR,DD6,7
CEPVR,DVB,7
CEPVR,FLPL,5
CEPVR,FLPR,5
CEPVR,I1L,5
CEPVR,I1R,5
CEPVR,I2L,8
CEPVR,I2R,8
CEPVR,I3,8
CEPVR,I5,5
CEPVR,IL1DL,7
CEPVR,IL1DR,7
CEPVR,IL1L,7
CEPVR,IL1R,7
CEPVR,IL1VL,7
CEPVR,IL1VR,7
CEPVR,M1,8
CEPVR,OLLL,8
CEPVR,OLLR,8
CEPVR,OLQDL,6
CEPVR,OLQDR,6
CEPVR,OLQVL,6
CEPVR,OLQVR,6
CEPVR,PDB,5
CEPVR,PDB,6
CEPVR,PDEL,6
CEPVR,PDER,6
CEPVR,PHAL,7
CEPVR,PHAR,7
CEPVR,PLML,5
CEPVR,PLML,8
CEPVR,PLMR,5
CEPVR,PLMR,8
CEPVR,PVDL,5
CEPVR,PVDL,7
CEPVR,PVDR,5
CEPVR,PVDR,7
CEPVR,PVM,6
CEPVR,PVM,7
CEPVR,PVM,8
CEPVR,PVNL,5
CEPVR,PVNL,7
CEPVR,PVNR,5
CEPVR,PVNR,7
CEPVR,PVR,5
CEPVR,PVWL,5
CEPVR,PVWR,5
CEPVR,RIAL,6
CEPVR,RIAR,6
CEPVR,RICL,7
CEPVR,RICR,7
CEPVR,RID,5
CEPVR,RIGL,5
CEPVR,RIGL,6
CEPVR,RIGL,7
CEPVR,RIGR,5
CEPVR,RIGR,6
CEPVR,RIGR,7
CEPVR,RIML,5
CEPVR,RIML,6
CEPVR,RIMR,5
CEPVR,RIMR,6
CEPVR,RIPL,5
CEPVR,RIPR,5
CEPVR,RIS,5
CEPVR,RIS,7
CEPVR,RIVL,5
CEPVR,RIVR,5
CEPVR,RMFL,5
CEPVR,RMFL,6
CEPVR,RMFR,5
CEPVR,RMFR,6
CEPVR,RMHL,8
CEPVR,RMHR,8
CEPVR,SABD,7
CEPVR,SABVL,7
CEPVR,SABVR,7
CEPVR,SIADL,6
CEPVR,SIADL,7
CEPVR,SIADR,6
CEPVR,SIADR,7
CEPVR,SIAVL,6
CEPVR,SIAVL,7
CEPVR,SIAVR,6
CEPVR,SIAVR,7
CEPVR,SMDDL,5
CEPVR,SMDDR,5
CEPVR,SMDVL,5
CEPVR,SMDVR,5
CEPVR,URBL,6
CEPVR,URBR,6
CEPVR,VA1,5
CEPVR,VA1,7
CEPVR,VA10,5
CEPVR,VA10,7
CEPVR,VA11,5
CEPVR,VA11,7
CEPVR,VA12,5
CEPVR,VA12,6
CEPVR,VA12,7
CEPVR,VA2,5
CEPVR,VA2,7
CEPVR,VA3,5
CEPVR,VA3,7
CEPVR,VA4,5
CEPVR,VA4,7
CEPVR,VA5,5
CEPVR,VA5,7
CEPVR,VA6,5
CEPVR,VA6,7
CEPVR,VA7,5
CEPVR,VA7,7
CEPVR,VA8,5
CEPVR,VA8,7
CEPVR,VA9,5
CEPVR,VA9,7
CEPVR,VB1,5
CEPVR,VB1,6
CEPVR,VB1,7
CEPVR,VB10,5
CEPVR,VB10,6
CEPVR,VB10,7
CEPVR,VB11,5
CEPVR,VB11,6
CEPVR,VB11,7
CEPVR,VB2,5
CEPVR,VB2,6
CEPVR,VB2,7
CEPVR,VB3,5
CEPVR,VB3,6
CEPVR,VB3,7
CEPVR,VB4,5
CEPVR,VB4,6
CEPVR,VB4,7
CEPVR,VB5,5
CEPVR,VB5,6
CEPVR,VB5,7
CEPVR,VB6,5
CEPVR,VB6,6
CEPVR,VB6,7
CEPVR,VB7,5
CEPVR,VB7,6
CEPVR,VB7,7
CEPVR,VB8,5
CEPVR,VB8,6
CEPVR,VB8,7
CEPVR,VB9,5
CEPVR,VB9,6
CEPVR,VB9,7
CEPVR,VD1,7
CEPVR,VD10,7
CEPVR,VD11,7
CEPVR,VD12,7
CEPVR,VD13,7
CEPVR,VD2,7
CEPVR,VD3,7
CEPVR,VD4,7
CEPVR,VD5,7
CEPVR,VD6,7
CEPVR,VD7,7
CEPVR,VD8,7
CEPVR,VD9,7
HSNL,ADFL,1
HSNL,ADFL,3
HSNL,ADFR,1
HSNL,ADFR,3
HSNL,ADLL,1
HSNL,ADLR,1
HSNL,AIBL,1
HSNL,AIBL,2
HSNL,AIBR,1
HSNL,AIBR,2
HSNL,AIML,3
HSNL,AIMR,3
HSNL,AINL,2
HSNL,AINR,2
HSNL,AIYL,2
HSNL,AIYR,2
HSNL,AIZL,1
HSNL,AIZL,2
HSNL,AIZL,3
HSNL,AIZR,1
HSNL,AIZR,2
HSNL,AIZR,3
HSNL,ASGL,1
HSNL,ASGL,2
HSNL,ASGR,1
HSNL,ASGR,2
HSNL,ASHL,2
HSNL,ASHR,2
HSNL,AUAL,4
HSNL,AUAR,4
HSNL,AVBL,2
HSNL,AVBR,2
HSNL,AVDL,2
HSNL,AVDR,2
HSNL,AVEL,3
HSNL,AVER,3
HSNL,AVG,1
HSNL,AVHL,2
HSNL,AVHR,2
HSNL,AVJL,2
HSNL,AVJR,2
HSNL,AVL,2
HSNL,AVL,4
HSNL,BAGL,2
HSNL,BAGR,2
HSNL,BDUL,2
HSNL,BDUR,2
HSNL,DVA,2
HSNL,DVB,4
HSNL,FLPL,1
HSNL,FLPR,1
HSNL,HSNL,2
HSNL,HSNL,3
HSNL,HSNR,2
HSNL,HSNR,3
HSNL,I1L,1
HSNL,I1R,1
HSNL,I2L,1
HSNL,I2L,4
HSNL,I2R,1
HSNL,I2R,4
HSNL,I3,3
HSNL,I3,4
HSNL,I4,4
HSNL,I5,4
HSNL,I6,4
HSNL,IL1DL,4
HSNL,IL1DR,4
HSNL,IL1L,4
HSNL,IL1R,4
HSNL,IL1VL,4
HSNL,IL1VR,4
HSNL,IL2DL,3
HSNL,IL2DR,3
HSNL,IL2L,1
HSNL,IL2L,3
HSNL,IL2R,1
HSNL,IL2R,3
HSNL,IL2VL,3
HSNL,IL2VR,3
HSNL,M1,2
HSNL,M2L,4
HSNL,M2R,4
HSNL,M3L,4
HSNL,M3R,4
HSNL,M4,4
HSNL,M5,4
HSNL,MCL,4
HSNL,MCR,4
HSNL,MI,4
HSNL,NSML,1
HSNL,NSML,2
HSNL,NSMR,1
HSNL,NSMR,2
HSNL,PVCL,2
HSNL,PVCR,2
HSNL,PVDL,2
HSNL,PVDR,2
HSNL,PVNL,2
HSNL,PVNR,2
HSNL,PVT,1
HSNL,PVWL,2
HSNL,PVWR,2
HSNL,RIAL,1
HSNL,RIAR,1
HSNL,RIGL,2
HSNL,RIGR,2
HSNL,RIH,1
HSNL,RIH,3
HSNL,RIML,2
HSNL,RIML,3
HSNL,RIMR,2
HSNL,RIMR,3
HSNL,RIPL,1
HSNL,RIPL,2
HSNL,RIPL,3
HSNL,RIPR,1
HSNL,RIPR,2
HSNL,RIPR,3
HSNL,RIR,1
HSNL,RIR,2
HSNL,RIR,3
HSNL,RIS,2
HSNL,RIS,4
HSNL,RMDDL,3
HSNL,RMDDR,3
HSNL,RMDL,2
HSNL,RMDL,3
HSNL,RMDR,2
HSNL,RMDR,3
HSNL,RMDVL,3
HSNL,RMDVR,3
HSNL,RMED,4
HSNL,RMEL,3
HSNL,RMER,3
HSNL,RMEV,4
HSNL,RMFL,2
HSNL,RMFR,2
HSNL,SAADL,2
HSNL,SAADR,2
HSNL,SAAVL,2
HSNL,SAAVR,2
HSNL,SIADL,2
HSNL,SIADR,2
HSNL,SIAVL,2
HSNL,SIAVR,2
HSNL,SMBDL,3
HSNL,SMBDR,3
HSNL,SMBVL,3
HSNL,SMBVR,3
HSNL,SMDDL,2
HSNL,SMDDL,3
HSNL,SMDDR,2
HSNL,SMDDR,3
HSNL,SMDVL,2
HSNL,SMDVL,3
HSNL,SMDVR,2
HSNL,SMDVR,3
HSNL,URADL,1
HSNL,URADL,3
HSNL,URADR,1
HSNL,URADR,3
HSNL,URAVL,1
HSNL,URAVL,3
HSNL,URAVR,1
HSNL,URAVR,3
HSNL,URBL,1
HSNL,URBL,2
HSNL,URBR,1
HSNL,URBR,2
HSNL,URXL,2
HSNL,URXL,3
HSNL,URXR,2
HSNL,URXR,3
HSNL,VB1,2
HSNL,VC4,4
HSNL,VC5,4
HSNR,ADFL,1
HSNR,ADFL,3
HSNR,ADFR,1
HSNR,ADFR,3
HSNR,ADLL,1
HSNR,ADLR,1
HSNR,AIBL,1
HSNR,AIBL,2
HSNR,AIBR,1
HSNR,AIBR,2
HSNR,AIML,3
HSNR,AIMR,3
HSNR,AINL,2
HSNR,AINR,2
HSNR,AIYL,2
HSNR,AIYR,2
HSNR,AIZL,1
HSNR,AIZL,2
HSNR,AIZL,3
HSNR,AIZR,1
HSNR,AIZR,2
HSNR,AIZR,3
HSNR,ASGL,1
HSNR,ASGL,2
HSNR,ASGR,1
HSNR,ASGR,2
HSNR,ASHL,2
HSNR,ASHR,2
HSNR,AUAL,4
HSNR,AUAR,4
HSNR,AVBL,2
HSNR,AVBR,2
HSNR,AVDL,2
HSNR,AVDR,2
HSNR,AVEL,3
HSNR,AVER,3
HSNR,AVG,1
HSNR,AVHL,2
HSNR,AVHR,2
HSNR,AVJL,2
HSNR,AVJR,2
HSNR,AVL,2
HSNR,AVL,4
HSNR,BAGL,2
HSNR,BAGR,2
HSNR,BDUL,2
HSNR,BDUR,2
HSNR,DVA,2
HSNR,DVB,4
HSNR,FLPL,1
HSNR,FLPR,1
HSNR,HSNL,2
HSNR,HSNL,3
HSNR,HSNR,2
HSNR,HSNR,3
HSNR,I1L,1
HSNR,I1R,1
HSNR,I2L,1
HSNR,I2L,4
HSNR,I2R,1
HSNR,I2R,4
HSNR,I3,3
HSNR,I3,4
HSNR,I4,4
HSNR,I5,4
HSNR,I6,4
HSNR,IL1DL,4
HSNR,IL1DR,4
HSNR,IL1L,4
HSNR,IL1R,4
HSNR,IL1VL,4
HSNR,IL1VR,4
HSNR,IL2DL,3
HSNR,IL2DR,3
HSNR,IL2L,1
HSNR,IL2L,3
HSNR,IL2R,1
HSNR,IL2R,3
HSNR,IL2VL,3
HSNR,IL2VR,3
HSNR,M1,2
HSNR,M2L,4
HSNR,M2R,4
HSNR,M3L,4
HSNR,M3R,4
HSNR,M4,4
HSNR,M5,4
HSNR,MCL,4
HSNR,MCR,4
HSNR,MI,4
HSNR,NSML,1
HSNR,NSML,2
HSNR,NSMR,1
HSNR,NSMR,2
HSNR,PVCL,2
HSNR,PVCR,2
HSNR,PVDL,2
HSNR,PVDR,2
HSNR,PVNL,2
HSNR,PVNR,2
HSNR,PVT,1
HSNR,PVWL,2
HSNR,PVWR,2
HSNR,RIAL,1
HSNR,RIAR,1
HSNR,RIGL,2
HSNR,RIGR,2
HSNR,RIH,1
HSNR,RIH,3
HSNR,RIML,2
HSNR,RIML,3
HSNR,RIMR,2
HSNR,RIMR,3
HSNR,RIPL,1
HSNR,RIPL,2
HSNR,RIPL,3
HSNR,RIPR,1
HSNR,RIPR,2
HSNR,RIPR,3
HSNR,RIR,1
HSNR,RIR,2
HSNR,RIR,3
HSNR,RIS,2
HSNR,RIS,4
HSNR,RMDDL,3
HSNR,RMDDR,3
HSNR,RMDL,2
HSNR,RMDL,3
HSNR,RMDR,2
HSNR,RMDR,3
HSNR,RMDVL,3
HSNR,RMDVR,3
HSNR,RMED,4
HSNR,RMEL,3
HSNR,RMER,3
HSNR,RMEV,4
HSNR,RMFL,2
HSNR,RMFR,2
HSNR,SAADL,2
HSNR,SAADR,2
HSNR,SAAVL,2
HSNR,SAAVR,2
HSNR,SIADL,2
HSNR,SIADR,2
HSNR,SIAVL,2
HSNR,SIAVR,2
HSNR,SMBDL,3
HSNR,SMBDR,3
HSNR,SMBVL,3
HSNR,SMBVR,3
HSNR,SMDDL,2
HSNR,SMDDL,3
HSNR,SMDDR,2
HSNR,SMDDR,3
HSNR,SMDVL,2
HSNR,SMDVL,3
HSNR,SMDVR,2
HSNR,SMDVR,3
HSNR,URADL,1
HSNR,URADL,3
HSNR,URADR,1
HSNR,URADR,3
HSNR,URAVL,1
HSNR,URAVL,3
HSNR,URAVR,1
HSNR,URAVR,3
HSNR,URBL,1
HSNR,URBL,2
HSNR,URBR,1
HSNR,URBR,2
HSNR,URXL,2
HSNR,URXL,3
HSNR,URXR,2
HSNR,URXR,3
HSNR,VB1,2
HSNR,VC4,4
HSNR,VC5,4
I5,ADFL,1
I5,ADFL,3
I5,ADFR,1
I5,ADFR,3
I5,ADLL,1
I5,ADLR,1
I5,AIBL,1
I5,AIBL,2
I5,AIBR,1
I5,AIBR,2
I5,AIML,3
I5,AIMR,3
I5,AINL,2
I5,AINR,2
I5,AIYL,2
I5,AIYR,2
I5,AIZL,1
I5,AIZL,2
I5,AIZL,3
I5,AIZR,1
I5,AIZR,2
I5,AIZR,3
I5,ASGL,1
I5,ASGL,2
I5,ASGR,1
I5,ASGR,2
I5,ASHL,2
I5,ASHR,2
I5,AUAL,4
I5,AUAR,4
I5,AVBL,2
I5,AVBR,2
I5,AVDL,2
I5,AVDR,2
I5,AVEL,3
I5,AVER,3
I5,AVG,1
I5,AVHL,2
I5,AVHR,2
I5,AVJL,2
I5,AVJR,2
I5,AVL,2
I5,AVL,4
I5,BAGL,2
I5,BAGR,2
I5,BDUL,2
I5,BDUR,2
I5,DVA,2
I5,DVB,4
I5,FLPL,1
I5,FLPR,1
I5,HSNL,2
I5,HSNL,3
I5,HSNR,2
I5,HSNR,3
I5,I1L,1
I5,I1R,1
I5,I2L,1
I5,I2L,4
I5,I2R,1
I5,I2R,4
I5,I3,3
I5,I3,4
I5,I4,4
I5,I5,4
I5,I6,4
I5,IL1DL,4
I5,IL1DR,4
I5,IL1L,4
I5,IL1R,4
I5,IL1VL,4
I5,IL1VR,4
I5,IL2DL,3
I5,IL2DR,3
I5,IL2L,1
I5,IL2L,3
I5,IL2R,1
I5,IL2R,3
I5,IL2VL,3
I5,IL2VR,3
I5,M1,2
I5,M2L,4
I5,M2R,4
I5,M3L,4
I5,M3R,4
I5,M4,4
I5,M5,4
I5,MCL,4
I5,MCR,4
I5,MI,4
I5,NSML,1
I5,NSML,2
I5,NSMR,1
I5,NSMR,2
I5,PVCL,2
I5,PVCR,2
I5,PVDL,2
I5,PVDR,2
I5,PVNL,2
I5,PVNR,2
I5,PVT,1
I5,PVWL,2
I5,PVWR,2
I5,RIAL,1
I5,RIAR,1
I5,RIGL,2
I5,RIGR,2
I5,RIH,1
I5,RIH,3
I5,RIML,2
I5,RIML,3
I5,RIMR,2
I5,RIMR,3
I5,RIPL,1
I5,RIPL,2
I5,RIPL,3
I5,RIPR,1
I5,RIPR,2
I5,RIPR,3
I5,RIR,1
I5,RIR,2
I5,RIR,3
I5,RIS,2
I5,RIS,4
I5,RMDDL,3
I5,RMDDR,3
I5,RMDL,2
I5,RMDL,3
I5,RMDR,2
I5,RMDR,3
I5,RMDVL,3
I5,RMDVR,3
I5,RMED,4
I5,RMEL,3
I5,RMER,3
I5,RMEV,4
I5,RMFL,2
I5,RMFR,2
I5,SAADL,2
I5,SAADR,2
I5,SAAVL,2
I5,SAAVR,2
I5,SIADL,2
I5,SIADR,2
I5,SIAVL,2
I5,SIAVR,2
I5,SMBDL,3
I5,SMBDR,3
I5,SMBVL,3
I5,SMBVR,3
I5,SMDDL,2
I5,SMDDL,3
I5,SMDDR,2
I5,SMDDR,3
I5,SMDVL,2
I5,SMDVL,3
I5,SMDVR,2
I5,SMDVR,3
I5,URADL,1
I5,URADL,3
I5,URADR,1
I5,URADR,3
I5,URAVL,1
I5,URAVL,3
I5,URAVR,1
I5,URAVR,3
I5,URBL,1
I5,URBL,2
I5,URBR,1
I5,URBR,2
I5,URXL,2
I5,URXL,3
I5,URXR,2
I5,URXR,3
I5,VB1,2
I5,VC4,4
I5,VC5,4
NSML,ADFL,1
NSML,ADFL,3
NSML,ADFR,1
NSML,ADFR,3
NSML,ADLL,1
NSML,ADLR,1
NSML,AIBL,1
NSML,AIBL,2
NSML,AIBR,1
NSML,AIBR,2
NSML,AIML,3
NSML,AIMR,3
NSML,AINL,2
NSML,AINR,2
NSML,AIYL,2
NSML,AIYR,2
NSML,AIZL,1
NSML,AIZL,2
NSML,AIZL,3
NSML,AIZR,1
NSML,AIZR,2
NSML,AIZR,3
NSML,ASGL,1
NSML,ASGL,2
NSML,ASGR,1
NSML,ASGR,2
NSML,ASHL,2
NSML,ASHR,2
NSML,AUAL,4
NSML,AUAR,4
NSML,AVBL,2
NSML,AVBR,2
NSML,AVDL,2
NSML,AVDR,2
NSML,AVEL,3
NSML,AVER,3
NSML,AVG,1
NSML,AVHL,2
NSML,AVHR,2
NSML,AVJL,2
NSML,AVJR,2
NSML,AVL,2
NSML,AVL,4
NSML,BAGL,2
NSML,BAGR,2
NSML,BDUL,2
NSML,BDUR,2
NSML,DVA,2
NSML,DVB,4
NSML,FLPL,1
NSML,FLPR,1
NSML,HSNL,2
NSML,HSNL,3
NSML,HSNR,2
NSML,HSNR,3
NSML,I1L,1
NSML,I1R,1
NSML,I2L,1
NSML,I2L,4
NSML,I2R,1
NSML,I2R,4
NSML,I3,3
NSML,I3,4
NSML,I4,4
NSML,I5,4
NSML,I6,4
NSML,IL1DL,4
NSML,IL1DR,4
NSML,IL1L,4
NSML,IL1R,4
NSML,IL1VL,4
NSML,IL1VR,4
NSML,IL2DL,3
NSML,IL2DR,3
NSML,IL2L,1
NSML,IL2L,3
NSML,IL2R,1
NSML,IL2R,3
NSML,IL2VL,3
NSML,IL2VR,3
NSML,M1,2
NSML,M2L,4
NSML,M2R,4
NSML,M3L,4
NSML,M3R,4
NSML,M4,4
NSML,M5,4
NSML,MCL,4
NSML,MCR,4
NSML,MI,4
NSML,NSML,1
NSML,NSML,2
NSML,NSMR,1
NSML,NSMR,2
NSML,PVCL,2
NSML,PVCR,2
NSML,PVDL,2
NSML,PVDR,2
NSML,PVNL,2
NSML,PVNR,2
NSML,PVT,1
NSML,PVWL,2
NSML,PVWR,2
NSML,RIAL,1
NSML,RIAR,1
NSML,RIGL,2
NSML,RIGR,2
NSML,RIH,1
NSML,RIH,3
NSML,RIML,2
NSML,RIML,3
NSML,RIMR,2
NSML,RIMR,3
NSML,RIPL,1
NSML,RIPL,2
NSML,RIPL,3
NSML,RIPR,1
NSML,RIPR,2
NSML,RIPR,3
NSML,RIR,1
NSML,RIR,2
NSML,RIR,3
NSML,RIS,2
NSML,RIS,4
NSML,RMDDL,3
NSML,RMDDR,3
NSML,RMDL,2
NSML,RMDL,3
NSML,RMDR,2
NSML,RMDR,3
NSML,RMDVL,3
NSML,RMDVR,3
NSML,RMED,4
NSML,RMEL,3
NSML,RMER,3
NSML,RMEV,4
NSML,RMFL,2
NSML,RMFR,2
NSML,SAADL,2
NSML,SAADR,2
NSML,SAAVL,2
NSML,SAAVR,2
NSML,SIADL,2
NSML,SIADR,2
NSML,SIAVL,2
NSML,SIAVR,2
NSML,SMBDL,3
NSML,SMBDR,3
NSML,SMBVL,3
NSML,SMBVR,3
NSML,SMDDL,2
NSML,SMDDL,3
NSML,SMDDR,2
NSML,SMDDR,3
NSML,SMDVL,2
NSML,SMDVL,3
NSML,SMDVR,2
NSML,SMDVR,3
NSML,URADL,1
NSML,URADL,3
NSML,URADR,1
NSML,URADR,3
NSML,URAVL,1
NSML,URAVL,3
NSML,URAVR,1
NSML,URAVR,3
NSML,URBL,1
NSML,URBL,2
NSML,URBR,1
NSML,URBR,2
NSML,URXL,2
NSML,URXL,3
NSML,URXR,2
NSML,URXR,3
NSML,VB1,2
NSML,VC4,4
NSML,VC5,4
NSMR,ADFL,1
NSMR,ADFL,3
NSMR,ADFR,1
NSMR,ADFR,3
NSMR,ADLL,1
NSMR,ADLR,1
NSMR,AIBL,1
NSMR,AIBL,2
NSMR,AIBR,1
NSMR,AIBR,2
NSMR,AIML,3
NSMR,AIMR,3
NSMR,AINL,2
NSMR,AINR,2
NSMR,AIYL,2
NSMR,AIYR,2
NSMR,AIZL,1
NSMR,AIZL,2
NSMR,AIZL,3
NSMR,AIZR,1
NSMR,AIZR,2
NSMR,AIZR,3
NSMR,ASGL,1
NSMR,ASGL,2
NSMR,ASGR,1
NSMR,ASGR,2
NSMR,ASHL,2
NSMR,ASHR,2
NSMR,AUAL,4
NSMR,AUAR,4
NSMR,AVBL,2
NSMR,AVBR,2
NSMR,AVDL,2
NSMR,AVDR,2
NSMR,AVEL,3
NSMR,AVER,3
NSMR,AVG,1
NSMR,AVHL,2
NSMR,AVHR,2
NSMR,AVJL,2
NSMR,AVJR,2
NSMR,AVL,2
NSMR,AVL,4
NSMR,BAGL,2
NSMR,BAGR,2
NSMR,BDUL,2
NSMR,BDUR,2
NSMR,DVA,2
NSMR,DVB,4
NSMR,FLPL,1
NSMR,FLPR,1
NSMR,HSNL,2
NSMR,HSNL,3
NSMR,HSNR,2
NSMR,HSNR,3
NSMR,I1L,1
NSMR,I1R,1
NSMR,I2L,1
NSMR,I2L,4
NSMR,I2R,1
NSMR,I2R,4
NSMR,I3,3
NSMR,I3,4
NSMR,I4,4
NSMR,I5,4
NSMR,I6,4
NSMR,IL1DL,4
NSMR,IL1DR,4
NSMR,IL1L,4
NSMR,IL1R,4
NSMR,IL1VL,4
NSMR,IL1VR,4
NSMR,IL2DL,3
NSMR,IL2DR,3
NSMR,IL2L,1
NSMR,IL2L,3
NSMR,IL2R,1
NSMR,IL2R,3
NSMR,IL2VL,3
NSMR,IL2VR,3
NSMR,M1,2
NSMR,M2L,4
NSMR,M2R,4
NSMR,M3L,4
NSMR,M3R,4
NSMR,M4,4
NSMR,M5,4
NSMR,MCL,4
NSMR,MCR,4
NSMR,MI,4
NSMR,NSML,1
NSMR,NSML,2
NSMR,NSMR,1
NSMR,NSMR,2
NSMR,PVCL,2
NSMR,PVCR,2
NSMR,PVDL,2
NSMR,PVDR,2
NSMR,PVNL,2
NSMR,PVNR,2
NSMR,PVT,1
NSMR,PVWL,2
NSMR,PVWR,2
NSMR,RIAL,1
NSMR,RIAR,1
NSMR,RIGL,2
NSMR,RIGR,2
NSMR,RIH,1
NSMR,RIH,3
NSMR,RIML,2
NSMR,RIML,3
NSMR,RIMR,2
NSMR,RIMR,3
NSMR,RIPL,1
NSMR,RIPL,2
NSMR,RIPL,3
NSMR,RIPR,1
NSMR,RIPR,2
NSMR,RIPR,3
NSMR,RIR,1
NSMR,RIR,2
NSMR,RIR,3
NSMR,RIS,2
NSMR,RIS,4
NSMR,RMDDL,3
NSMR,RMDDR,3
NSMR,RMDL,2
NSMR,RMDL,3
NSMR,RMDR,2
NSMR,RMDR,3
NSMR,RMDVL,3
NSMR,RMDVR,3
NSMR,RMED,4
NSMR,RMEL,3
NSMR,RMER,3
NSMR,RMEV,4
NSMR,RMFL,2
NSMR,RMFR,2
NSMR,SAADL,2
NSMR,SAADR,2
NSMR,SAAVL,2
NSMR,SAAVR,2
NSMR,SIADL,2
NSMR,SIADR,2
NSMR,SIAVL,2
NSMR,SIAVR,2
NSMR,SMBDL,3
NSMR,SMBDR,3
NSMR,SMBVL,3
NSMR,SMBVR,3
NSMR,SMDDL,2
NSMR,SMDDL,3
NSMR,SMDDR,2
NSMR,SMDDR,3
NSMR,SMDVL,2
NSMR,SMDVL,3
NSMR,SMDVR,2
NSMR,SMDVR,3
NSMR,URADL,1
NSMR,URADL,3
NSMR,URADR,1
NSMR,URADR,3
NSMR,URAVL,1
NSMR,URAVL,3
NSMR,URAVR,1
NSMR,URAVR,3
NSMR,URBL,1
NSMR,URBL,2
NSMR,URBR,1
NSMR,URBR,2
NSMR,URXL,2
NSMR,URXL,3
NSMR,URXR,2
NSMR,URXR,3
NSMR,VB1,2
NSMR,VC4,4
NSMR,VC5,4
PDEL,ADAL,5
PDEL,ADAR,5
PDEL,ADFL,6
PDEL,ADFL,7
PDEL,ADFR,6
PDEL,ADFR,7
PDEL,AIAL,5
PDEL,AIAR,5
PDEL,AIBL,5
PDEL,AIBR,5
PDEL,AIZL,5
PDEL,AIZR,5
PDEL,ALA,7
PDEL,ALML,5
PDEL,ALML,8
PDEL,ALMR,5
PDEL,ALMR,8
PDEL,AS1,7
PDEL,AS10,7
PDEL,AS11,7
PDEL,AS2,7
PDEL,AS3,7
PDEL,AS4,7
PDEL,AS5,7
PDEL,AS6,7
PDEL,AS7,7
PDEL,AS8,7
PDEL,AS9,7
PDEL,ASHL,6
PDEL,ASHL,7
PDEL,ASHR,6
PDEL,ASHR,7
PDEL,ASKL,6
PDEL,ASKL,7
PDEL,ASKR,6
PDEL,ASKR,7
PDEL,AVAL,5
PDEL,AVAL,6
PDEL,AVAL,7
PDEL,AVAR,5
PDEL,AVAR,6
PDEL,AVAR,7
PDEL,AVBL,5
PDEL,AVBL,7
PDEL,AVBL,8
PDEL,AVBR,5
PDEL,AVBR,7
PDEL,AVBR,8
PDEL,AVDL,7
PDEL,AVDR,7
PDEL,AVEL,5
PDEL,AVEL,7
PDEL,AVER,5
PDEL,AVER,7
PDEL,AVFL,7
PDEL,AVFR,7
PDEL,AVHL,6
PDEL,AVHR,6
PDEL,AVKL,6
PDEL,AVKL,7
PDEL,AVKL,8
PDEL,AVKR,6
PDEL,AVKR,7
PDEL,AVKR,8
PDEL,AVM,5
PDEL,BDUL,5
PDEL,BDUR,5
PDEL,CEPDL,7
PDEL,CEPDR,7
PDEL,CEPVL,7
PDEL,CEPVR,7
PDEL,DA1,5
PDEL,DA1,7
PDEL,DA2,5
PDEL,DA2,7
PDEL,DA3,5
PDEL,DA3,7
PDEL,DA4,5
PDEL,DA4,7
PDEL,DA5,5
PDEL,DA5,7
PDEL,DA6,5
PDEL,DA6,7
PDEL,DA7,5
PDEL,DA7,7
PDEL,DA8,5
PDEL,DA8,7
PDEL,DA9,5
PDEL,DA9,6
PDEL,DA9,7
PDEL,DB1,5
PDEL,DB1,6
PDEL,DB1,7
PDEL,DB2,5
PDEL,DB2,6
PDEL,DB2,7
PDEL,DB3,5
PDEL,DB3,6
PDEL,DB3,7
PDEL,DB4,5
PDEL,DB4,6
PDEL,DB4,7
PDEL,DB5,5
PDEL,DB5,6
PDEL,DB5,7
PDEL,DB6,5
PDEL,DB6,6
PDEL,DB6,7
PDEL,DB7,5
PDEL,DB7,6
PDEL,DB7,7
PDEL,DD1,7
PDEL,DD2,7
PDEL,DD3,7
PDEL,DD4,7
PDEL,DD5,7
PDEL,DD6,7
PDEL,DVB,7
PDEL,FLPL,5
PDEL,FLPR,5
PDEL,I1L,5
PDEL,I1R,5
PDEL,I2L,8
PDEL,I2R,8
PDEL,I3,8
PDEL,I5,5
PDEL,IL1DL,7
PDEL,IL1DR,7
PDEL,IL1L,7
PDEL,IL1R,7
PDEL,IL1VL,7
PDEL,IL1VR,7
PDEL,M1,8
PDEL,OLLL,8
PDEL,OLLR,8
PDEL,OLQDL,6
PDEL,OLQDR,6
PDEL,OLQVL,6
PDEL,OLQVR,6
PDEL,PDB,5
PDEL,PDB,6
PDEL,PDEL,6
PDEL,PDER,6
PDEL,PHAL,7
PDEL,PHAR,7
PDEL,PLML,5
PDEL,PLML,8
PDEL,PLMR,5
PDEL,PLMR,8
PDEL,PVDL,5
PDEL,PVDL,7
PDEL,PVDR,5
PDEL,PVDR,7
PDEL,PVM,6
PDEL,PVM,7
PDEL,PVM,8
PDEL,PVNL,5
PDEL,PVNL,7
PDEL,PVNR,5
PDEL,PVNR,7
PDEL,PVR,5
PDEL,PVWL,5
PDEL,PVWR,5
PDEL,RIAL,6
PDEL,RIAR,6
PDEL,RICL,7
PDEL,RICR,7
PDEL,RID,5
PDEL,RIGL,5
PDEL,RIGL,6
PDEL,RIGL,7
PDEL,RIGR,5
PDEL,RIGR,6
PDEL,RIGR,7
PDEL,RIML,5
PDEL,RIML,6
PDEL,RIMR,5
PDEL,RIMR,6
PDEL,RIPL,5
PDEL,RIPR,5
PDEL,RIS,5
PDEL,RIS,7
PDEL,RIVL,5
PDEL,RIVR,5
PDEL,RMFL,5
PDEL,RMFL,6
PDEL,RMFR,5
PDEL,RMFR,6
PDEL,RMHL,8
PDEL,RMHR,8
PDEL,SABD,7
PDEL,SABVL,7
PDEL,SABVR,7
PDEL,SIADL,6
PDEL,SIADL,7
PDEL,SIADR,6
PDEL,SIADR,7
PDEL,SIAVL,6
PDEL,SIAVL,7
PDEL,SIAVR,6
PDEL,SIAVR,7
PDEL,SMDDL,5
PDEL,SMDDR,5
PDEL,SMDVL,5
PDEL,SMDVR,5
PDEL,URBL,6
PDEL,URBR,6
PDEL,VA1,5
PDEL,VA1,7
PDEL,VA10,5
PDEL,VA10,7
PDEL,VA11,5
PDEL,VA11,7
PDEL,VA12,5
PDEL,VA12,6
PDEL,VA12,7
PDEL,VA2,5
PDEL,VA2,7
PDEL,VA3,5
PDEL,VA3,7
PDEL,VA4,5
PDEL,VA4,7
PDEL,VA5,5
PDEL,VA5,7
PDEL,VA6,5
PDEL,VA6,7
PDEL,VA7,5
PDEL,VA7,7
PDEL,VA8,5
PDEL,VA8,7
PDEL,VA9,5
PDEL,VA9,7
PDEL,VB1,5
PDEL,VB1,6
PDEL,VB1,7
PDEL,VB10,5
PDEL,VB10,6
PDEL,VB10,7
PDEL,VB11,5
PDEL,VB11,6
PDEL,VB11,7
PDEL,VB2,5
PDEL,VB2,6
PDEL,VB2,7
PDEL,VB3,5
PDEL,VB3,6
PDEL,VB3,7
PDEL,VB4,5
PDEL,VB4,6
PDEL,VB4,7
PDEL,VB5,5
PDEL,VB5,6
PDEL,VB5,7
PDEL,VB6,5
PDEL,VB6,6
PDEL,VB6,7
PDEL,VB7,5
PDEL,VB7,6
PDEL,VB7,7
PDEL,VB8,5
PDEL,VB8,6
PDEL,VB8,7
PDEL,VB9,5
PDEL,VB9,6
PDEL,VB9,7
PDEL,VD1,7
PDEL,VD10,7
PDEL,VD11,7
PDEL,VD12,7
PDEL,VD13,7
PDEL,VD2,7
PDEL,VD3,7
PDEL,VD4,7
PDEL,VD5,7
PDEL,VD6,7
PDEL,VD7,7
PDEL,VD8,7
PDEL,VD9,7
PDER,ADAL,5
PDER,ADAR,5
PDER,ADFL,6
PDER,ADFL,7
PDER,ADFR,6
PDER,ADFR,7
PDER,AIAL,5
PDER,AIAR,5
PDER,AIBL,5
PDER,AIBR,5
PDER,AIZL,5
PDER,AIZR,5
PDER,ALA,7
PDER,ALML,5
PDER,ALML,8
PDER,ALMR,5
PDER,ALMR,8
PDER,AS1,7
PDER,AS10,7
PDER,AS11,7
PDER,AS2,7
PDER,AS3,7
PDER,AS4,7
PDER,AS5,7
PDER,AS6,7
PDER,AS7,7
PDER,AS8,7
PDER,AS9,7
PDER,ASHL,6
PDER,ASHL,7
PDER,ASHR,6
PDER,ASHR,7
PDER,ASKL,6
PDER,ASKL,7
PDER,ASKR,6
PDER,ASKR,7
PDER,AVAL,5
PDER,AVAL,6
PDER,AVAL,7
PDER,AVAR,5
PDER,AVAR,6
PDER,AVAR,7
PDER,AVBL,5
PDER,AVBL,7
PDER,AVBL,8
PDER,AVBR,5
PDER,AVBR,7
PDER,AVBR,8
PDER,AVDL,7
PDER,AVDR,7
PDER,AVEL,5
PDER,AVEL,7
PDER,AVER,5
PDER,AVER,7
PDER,AVFL,7
PDER,AVFR,7
PDER,AVHL,6
PDER,AVHR,6
PDER,AVKL,6
PDER,AVKL,7
PDER,AVKL,8
PDER,AVKR,6
PDER,AVKR,7
PDER,AVKR,8
PDER,AVM,5
PDER,BDUL,5
PDER,BDUR,5
PDER,CEPDL,7
PDER,CEPDR,7
PDER,CEPVL,7
PDER,CEPVR,7
PDER,DA1,5
PDER,DA1,7
PDER,DA2,5
PDER,DA2,7
PDER,DA3,5
PDER,DA3,7
PDER,DA4,5
PDER,DA4,7
PDER,DA5,5
PDER,DA5,7
PDER,DA6,5
PDER,DA6,7
PDER,DA7,5
PDER,DA7,7
PDER,DA8,5
PDER,DA8,7
PDER,DA9,5
PDER,DA9,6
PDER,DA9,7
PDER,DB1,5
PDER,DB1,6
PDER,DB1,7
PDER,DB2,5
PDER,DB2,6
PDER,DB2,7
PDER,DB3,5
PDER,DB3,6
PDER,DB3,7
PDER,DB4,5
PDER,DB4,6
PDER,DB4,7
PDER,DB5,5
PDER,DB5,6
PDER,DB5,7
PDER,DB6,5
PDER,DB6,6
PDER,DB6,7
PDER,DB7,5
PDER,DB7,6
PDER,DB7,7
PDER,DD1,7
PDER,DD2,7
PDER,DD3,7
PDER,DD4,7
PDER,DD5,7
PDER,DD6,7
PDER,DVB,7
PDER,FLPL,5
PDER,FLPR,5
PDER,I1L,5
PDER,I1R,5
PDER,I2L,8
PDER,I2R,8
PDER,I3,8
PDER,I5,5
PDER,IL1DL,7
PDER,IL1DR,7
PDER,IL1L,7
PDER,IL1R,7
PDER,IL1VL,7
PDER,IL1VR,7
PDER,M1,8
PDER,OLLL,8
PDER,OLLR,8
PDER,OLQDL,6
PDER,OLQDR,6
PDER,OLQVL,6
PDER,OLQVR,6
PDER,PDB,5
PDER,PDB,6
PDER,PDEL,6
PDER,PDER,6
PDER,PHAL,7
PDER,PHAR,7
PDER,PLML,5
PDER,PLML,8
PDER,PLMR,5
PDER,PLMR,8
PDER,PVDL,5
PDER,PVDL,7
PDER,PVDR,5
PDER,PVDR,7
PDER,PVM,6
PDER,PVM,7
PDER,PVM,8
PDER,PVNL,5
PDER,PVNL,7
PDER,PVNR,5
PDER,PVNR,7
PDER,PVR,5
PDER,PVWL,5
PDER,PVWR,5
PDER,RIAL,6
PDER,RIAR,6
PDER,RICL,7
PDER,RICR,7
PDER,RID,5
PDER,RIGL,5
PDER,RIGL,6
PDER,RIGL,7
PDER,RIGR,5
PDER,RIGR,6
PDER,RIGR,7
PDER,RIML,5
PDER,RIML,6
PDER,RIMR,5
PDER,RIMR,6
PDER,RIPL,5
PDER,RIPR,5
PDER,RIS,5
PDER,RIS,7
PDER,RIVL,5
PDER,RIVR,5
PDER,RMFL,5
PDER,RMFL,6
PDER,RMFR,5
PDER,RMFR,6
PDER,RMHL,8
PDER,RMHR,8
PDER,SABD,7
PDER,SABVL,7
PDER,SABVR,7
PDER,SIADL,6
PDER,SIADL,7
PDER,SIADR,6
PDER,SIADR,7
PDER,SIAVL,6
PDER,SIAVL,7
PDER,SIAVR,6
PDER,SIAVR,7
PDER,SMDDL,5
PDER,SMDDR,5
PDER,SMDVL,5
PDER,SMDVR,5
PDER,URBL,6
PDER,URBR,6
PDER,VA1,5
PDER,VA1,7
PDER,VA10,5
PDER,VA10,7
PDER,VA11,5
PDER,VA11,7
PDER,VA12,5
PDER,VA12,6
PDER,VA12,7
PDER,VA2,5
PDER,VA2,7
PDER,VA3,5
PDER,VA3,7
PDER,VA4,5
PDER,VA4,7
PDER,VA5,5
PDER,VA5,7
PDER,VA6,5
PDER,VA6,7
PDER,VA7,5
PDER,VA7,7
PDER,VA8,5
PDER,VA8,7
PDER,VA9,5
PDER,VA9,7
PDER,VB1,5
PDER,VB1,6
PDER,VB1,7
PDER,VB10,5
PDER,VB10,6
PDER,VB10,7
PDER,VB11,5
PDER,VB11,6
PDER,VB11,7
PDER,VB2,5
PDER,VB2,6
PDER,VB2,7
PDER,VB3,5
PDER,VB3,6
PDER,VB3,7
PDER,VB4,5
PDER,VB4,6
PDER,VB4,7
PDER,VB5,5
PDER,VB5,6
PDER,VB5,7
PDER,VB6,5
PDER,VB6,6
PDER,VB6,7
PDER,VB7,5
PDER,VB7,6
PDER,VB7,7
PDER,VB8,5
PDER,VB8,6
PDER,VB8,7
PDER,VB9,5
PDER,VB9,6
PDER,VB9,7
PDER,VD1,7
PDER,VD10,7
PDER,VD11,7
PDER,VD12,7
PDER,VD13,7
PDER,VD2,7
PDER,VD3,7
PDER,VD4,7
PDER,VD5,7
PDER,VD6,7
PDER,VD7,7
PDER,VD8,7
PDER,VD9,7
RICL,AINL,10
RICL,AINR,10
RICL,AIZL,10
RICL,AIZR,10
RICL,ALA,10
RICL,ALML,9
RICL,ALML,11
RICL,ALMR,9
RICL,ALMR,11
RICL,ALNL,11
RICL,ALNR,11
RICL,ASEL,10
RICL,ASGL,9
RICL,ASGR,9
RICL,ASHL,10
RICL,ASHR,10
RICL,ASJL,10
RICL,ASJR,10
RICL,ASKL,10
RICL,ASKR,10
RICL,AVAL,10
RICL,AVAR,10
RICL,AVDL,9
RICL,AVDR,9
RICL,AVG,9
RICL,AVHL,10
RICL,AVHR,10
RICL,AVKL,10
RICL,AVKR,10
RICL,AVM,9
RICL,AWCL,10
RICL,AWCR,10
RICL,BAGL,10
RICL,BAGR,10
RICL,DA1,9
RICL,DA2,9
RICL,DA3,9
RICL,DA4,9
RICL,DA5,9
RICL,DA6,9
RICL,DA7,9
RICL,DA8,9
RICL,DA9,11
RICL,DB2,9
RICL,DB3,9
RICL,DB4,9
RICL,DB5,9
RICL,DB6,9
RICL,DB7,9
RICL,DVA,10
RICL,FLPL,9
RICL,FLPR,9
RICL,HSNL,9
RICL,HSNR,9
RICL,I3,9
RICL,I3,11
RICL,IL2L,9
RICL,IL2R,9
RICL,M1,9
RICL,M2L,9
RICL,M2R,9
RICL,M3L,10
RICL,M3R,10
RICL,M4,9
RICL,MI,9
RICL,OLLL,10
RICL,OLLR,10
RICL,PDB,10
RICL,PHAL,10
RICL,PHAR,10
RICL,PHBL,10
RICL,PHBR,10
RICL,PLML,9
RICL,PLMR,9
RICL,PVCL,9
RICL,PVCR,9
RICL,PVDL,9
RICL,PVDR,9
RICL,PVM,9
RICL,PVQL,10
RICL,PVQR,10
RICL,PVT,10
RICL,RIBL,9
RICL,RIBR,9
RICL,RID,10
RICL,RIGL,9
RICL,RIGR,9
RICL,RIH,11
RICL,RIML,10
RICL,RIMR,10
RICL,RIPL,9
RICL,RIPR,9
RICL,RMED,10
RICL,RMEV,10
RICL,RMGL,9
RICL,RMGR,9
RICL,SIADL,10
RICL,SIADR,10
RICL,SIAVL,10
RICL,SIAVR,10
RICL,SMBDL,9
RICL,SMBDR,9
RICL,SMBVL,9
RICL,SMBVR,9
RICL,URADL,10
RICL,URADR,10
RICL,URAVL,10
RICL,URAVR,10
RICL,URBL,9
RICL,URBR,9
RICL,URXL,10
RICL,URXR,10
RICL,VA1,9
RICL,VA10,9
RICL,VA11,9
RICL,VA12,11
RICL,VA2,9
RICL,VA3,9
RICL,VA4,9
RICL,VA5,9
RICL,VA6,9
RICL,VA7,9
RICL,VA8,9
RICL,VA9,9
RICR,AINL,10
RICR,AINR,10
RICR,AIZL,10
RICR,AIZR,10
RICR,ALA,10
RICR,ALML,9
RICR,ALML,11
RICR,ALMR,9
RICR,ALMR,11
RICR,ALNL,11
RICR,ALNR,11
RICR,ASEL,10
RICR,ASGL,9
RICR,ASGR,9
RICR,ASHL,10
RICR,ASHR,10
RICR,ASJL,10
RICR,ASJR,10
RICR,ASKL,10
RICR,ASKR,10
RICR,AVAL,10
RICR,AVAR,10
RICR,AVDL,9
RICR,AVDR,9
RICR,AVG,9
RICR,AVHL,10
RICR,AVHR,10
RICR,AVKL,10
RICR,AVKR,10
RICR,AVM,9
RICR,AWCL,10
RICR,AWCR,10
RICR,BAGL,10
RICR,BAGR,10
RICR,DA1,9
RICR,DA2,9
RICR,DA3,9
RICR,DA4,9
RICR,DA5,9
RICR,DA6,9
RICR,DA7,9
RICR,DA8,9
RICR,DA9,11
RICR,DB2,9
RICR,DB3,9
RICR,DB4,9
RICR,DB5,9
RICR,DB6,9
RICR,DB7,9
RICR,DVA,10
RICR,FLPL,9
RICR,FLPR,9
RICR,HSNL,9
RICR,HSNR,9
RICR,I3,9
RICR,I3,11
RICR,IL2L,9
RICR,IL2R,9
RICR,M1,9
RICR,M2L,9
RICR,M2R,9
RICR,M3L,10
RICR,M3R,10
RICR,M4,9
RICR,MI,9
RICR,OLLL,10
RICR,OLLR,10
RICR,PDB,10
RICR,PHAL,10
RICR,PHAR,10
RICR,PHBL,10
RICR,PHBR,10
RICR,PLML,9
RICR,PLMR,9
RICR,PVCL,9
RICR,PVCR,9
RICR,PVDL,9
RICR,PVDR,9
RICR,PVM,9
RICR,PVQL,10
RICR,PVQR,10
RICR,PVT,10
RICR,RIBL,9
RICR,RIBR,9
RICR,RID,10
RICR,RIGL,9
RICR,RIGR,9
RICR,RIH,11
RICR,RIML,10
RICR,RIMR,10
RICR,RIPL,9
RICR,RIPR,9
RICR,RMED,10
RICR,RMEV,10
RICR,RMGL,9
RICR,RMGR,9
RICR,SIADL,10
RICR,SIADR,10
RICR,SIAVL,10
RICR,SIAVR,10
RICR,SMBDL,9
RICR,SMBDR,9
RICR,SMBVL,9
RICR,SMBVR,9
RICR,URADL,10
RICR,URADR,10
RICR,URAVL,10
RICR,URAVR,10
RICR,URBL,9
RICR,URBR,9
RICR,URXL,10
RICR,URXR,10
RICR,VA1,9
RICR,VA10,9
RICR,VA11,9
RICR,VA12,11
RICR,VA2,9
RICR,VA3,9
RICR,VA4,9
RICR,VA5,9
RICR,VA6,9
RICR,VA7,9
RICR,VA8,9
RICR,VA9,9
RIML,ADFL,12
RIML,ADFR,12
RIML,AIAL,13
RIML,AIAL,14
RIML,AIAR,13
RIML,AIAR,14
RIML,AIBL,13
RIML,AIBR,13
RIML,AIML,13
RIML,AIML,14
RIML,AIMR,13
RIML,AIMR,14
RIML,AINL,14
RIML,AINR,14
RIML,AIYL,12
RIML,AIYL,13
RIML,AIYL,14
RIML,AIYR,12
RIML,AIYR,13
RIML,AIYR,14
RIML,AIZL,12
RIML,AIZL,13
RIML,AIZL,14
RIML,AIZR,12
RIML,AIZR,13
RIML,AIZR,14
RIML,ALML,14
RIML,ALMR,14
RIML,ALNL,14
RIML,ALNR,14
RIML,AQR,13
RIML,AS1,14
RIML,AS10,14
RIML,AS11,14
RIML,AS2,14
RIML,AS3,14
RIML,AS4,14
RIML,AS5,14
RIML,AS6,14
RIML,AS7,14
RIML,AS8,14
RIML,AS9,14
RIML,ASEL,13
RIML,ASEL,14
RIML,ASER,13
RIML,ASER,14
RIML,ASGL,13
RIML,ASGL,14
RIML,ASGR,13
RIML,ASGR,14
RIML,ASKL,13
RIML,ASKL,14
RIML,ASKR,13
RIML,ASKR,14
RIML,AVBL,12
RIML,AVBR,12
RIML,AVDL,14
RIML,AVDR,14
RIML,AVJL,13
RIML,AVJR,13
RIML,AVL,12
RIML,AVM,14
RIML,AWCL,13
RIML,AWCR,13
RIML,BAGL,13
RIML,BAGL,14
RIML,BAGR,13
RIML,BAGR,14
RIML,BDUL,12
RIML,BDUR,12
RIML,CANL,12
RIML,CANR,12
RIML,CEPDL,14
RIML,CEPDR,14
RIML,CEPVL,14
RIML,CEPVR,14
RIML,DA1,14
RIML,DA2,14
RIML,DA3,14
RIML,DA4,14
RIML,DA5,14
RIML,DA6,14
RIML,DA7,14
RIML,DA8,14
RIML,DVA,12
RIML,DVA,13
RIML,DVC,13
RIML,FLPL,14
RIML,FLPR,14
RIML,I1L,14
RIML,I1R,14
RIML,I4,14
RIML,IL1DL,14
RIML,IL1DR,14
RIML,IL1L,14
RIML,IL1R,14
RIML,IL1VL,14
RIML,IL1VR,14
RIML,LUAL,14
RIML,LUAR,14
RIML,M1,14
RIML,M3L,12
RIML,M3R,12
RIML,M4,14
RIML,MCL,13
RIML,MCR,13
RIML,NSML,12
RIML,NSML,13
RIML,NSML,14
RIML,NSMR,12
RIML,NSMR,13
RIML,NSMR,14
RIML,OLLL,12
RIML,OLLL,14
RIML,OLLR,12
RIML,OLLR,14
RIML,OLQDL,14
RIML,OLQDR,14
RIML,OLQVL,14
RIML,OLQVR,14
RIML,PDB,14
RIML,PLNL,12
RIML,PLNR,12
RIML,PVCL,14
RIML,PVCR,14
RIML,PVDL,12
RIML,PVDL,14
RIML,PVDR,12
RIML,PVDR,14
RIML,PVM,12
RIML,PVM,14
RIML,PVPL,14
RIML,PVPR,14
RIML,PVQL,13
RIML,PVQL,14
RIML,PVQR,13
RIML,PVQR,14
RIML,PVR,13
RIML,PVR,14
RIML,PVWL,14
RIML,PVWR,14
RIML,RICL,13
RIML,RICR,13
RIML,RID,12
RIML,RID,13
RIML,RIFL,14
RIML,RIFR,14
RIML,RIGL,12
RIML,RIGL,13
RIML,RIGL,14
RIML,RIGR,12
RIML,RIGR,13
RIML,RIGR,14
RIML,RIML,14
RIML,RIMR,14
RIML,RIVL,12
RIML,RIVL,14
RIML,RIVR,12
RIML,RIVR,14
RIML,RMDL,14
RIML,RMDR,14
RIML,RMED,12
RIML,RMEL,12
RIML,RMER,12
RIML,RMEV,12
RIML,RMFL,13
RIML,RMFR,13
RIML,SAADL,13
RIML,SAADL,14
RIML,SAADR,13
RIML,SAADR,14
RIML,SAAVL,13
RIML,SAAVL,14
RIML,SAAVR,13
RIML,SAAVR,14
RIML,SDQL,12
RIML,SDQR,12
RIML,SIBDL,12
RIML,SIBDR,12
RIML,SIBVL,12
RIML,SIBVR,12
RIML,SMBDL,12
RIML,SMBDL,14
RIML,SMBDR,12
RIML,SMBDR,14
RIML,SMBVL,12
RIML,SMBVL,14
RIML,SMBVR,12
RIML,SMBVR,14
RIML,SMDDL,14
RIML,SMDDR,14
RIML,SMDVL,14
RIML,SMDVR,14
RIML,URBL,12
RIML,URBL,13
RIML,URBR,12
RIML,URBR,13
RIML,URYDL,12
RIML,URYDL,14
RIML,URYDR,12
RIML,URYDR,14
RIML,URYVL,12
RIML,URYVL,14
RIML,URYVR,12
RIML,URYVR,14
RIML,VB1,12
RIML,VC4,14
RIML,VC5,14
RIMR,ADFL,12
RIMR,ADFR,12
RIMR,AIAL,13
RIMR,AIAL,14
RIMR,AIAR,13
RIMR,AIAR,14
RIMR,AIBL,13
RIMR,AIBR,13
RIMR,AIML,13
RIMR,AIML,14
RIMR,AIMR,13
RIMR,AIMR,14
RIMR,AINL,14
RIMR,AINR,14
RIMR,AIYL,12
RIMR,AIYL,13
RIMR,AIYL,14
RIMR,AIYR,12
RIMR,AIYR,13
RIMR,AIYR,14
RIMR,AIZL,12
RIMR,AIZL,13
RIMR,AIZL,14
RIMR,AIZR,12
RIMR,AIZR,13
RIMR,AIZR,14
RIMR,ALML,14
RIMR,ALMR,14
RIMR,ALNL,14
RIMR,ALNR,14
RIMR,AQR,13
RIMR,AS1,14
RIMR,AS10,14
RIMR,AS11,14
RIMR,AS2,14
RIMR,AS3,14
RIMR,AS4,14
RIMR,AS5,14
RIMR,AS6,14
RIMR,AS7,14
RIMR,AS8,14
RIMR,AS9,14
RIMR,ASEL,13
RIMR,ASEL,14
RIMR,ASER,13
RIMR,ASER,14
RIMR,ASGL,13
RIMR,ASGL,14
RIMR,ASGR,13
RIMR,ASGR,14
RIMR,ASKL,13
RIMR,ASKL,14
RIMR,ASKR,13
RIMR,ASKR,14
RIMR,AVBL,12
RIMR,AVBR,12
RIMR,AVDL,14
RIMR,AVDR,14
RIMR,AVJL,13
RIMR,AVJR,13
RIMR,AVL,12
RIMR,AVM,14
RIMR,AWCL,13
RIMR,AWCR,13
RIMR,BAGL,13
RIMR,BAGL,14
RIMR,BAGR,13
RIMR,BAGR,14
RIMR,BDUL,12
RIMR,BDUR,12
RIMR,CANL,12
RIMR,CANR,12
RIMR,CEPDL,14
RIMR,CEPDR,14
RIMR,CEPVL,14
RIMR,CEPVR,14
RIMR,DA1,14
RIMR,DA2,14
RIMR,DA3,14
RIMR,DA4,14
RIMR,DA5,14
RIMR,DA6,14
RIMR,DA7,14
RIMR,DA8,14
RIMR,DVA,12
RIMR,DVA,13
RIMR,DVC,13
RIMR,FLPL,14
RIMR,FLPR,14
RIMR,I1L,14
RIMR,I1R,14
RIMR,I4,14
RIMR,IL1DL,14
RIMR,IL1DR,14
RIMR,IL1L,14
RIMR,IL1R,14
RIMR,IL1VL,14
RIMR,IL1VR,14
RIMR,LUAL,14
RIMR,LUAR,14
RIMR,M1,14
RIMR,M3L,12
RIMR,M3R,12
RIMR,M4,14
RIMR,MCL,13
RIMR,MCR,13
RIMR,NSML,12
RIMR,NSML,13
RIMR,NSML,14
RIMR,NSMR,12
RIMR,NSMR,13
RIMR,NSMR,14
RIMR,OLLL,12
RIMR,OLLL,14
RIMR,OLLR,12
RIMR,OLLR,14
RIMR,OLQDL,14
RIMR,OLQDR,14
RIMR,OLQVL,14
RIMR,OLQVR,14
RIMR,PDB,14
RIMR,PLNL,12
RIMR,PLNR,12
RIMR,PVCL,14
RIMR,PVCR,14
RIMR,PVDL,12
RIMR,PVDL,14
RIMR,PVDR,12
RIMR,PVDR,14
RIMR,PVM,12
RIMR,PVM,14
RIMR,PVPL,14
RIMR,PVPR,14
RIMR,PVQL,13
RIMR,PVQL,14
RIMR,PVQR,13
RIMR,PVQR,14
RIMR,PVR,13
RIMR,PVR,14
RIMR,PVWL,14
RIMR,PVWR,14
RIMR,RICL,13
RIMR,RICR,13
RIMR,RID,12
RIMR,RID,13
RIMR,RIFL,14
RIMR,RIFR,14
RIMR,RIGL,12
RIMR,RIGL,13
RIMR,RIGL,14
RIMR,RIGR,12
RIMR,RIGR,13
RIMR,RIGR,14
RIMR,RIML,14
RIMR,RIMR,14
RIMR,RIVL,12
RIMR,RIVL,14
RIMR,RIVR,12
RIMR,RIVR,14
RIMR,RMDL,14
RIMR,RMDR,14
RIMR,RMED,12
RIMR,RMEL,12
RIMR,RMER,12
RIMR,RMEV,12
RIMR,RMFL,13
RIMR,RMFR,13
RIMR,SAADL,13
RIMR,SAADL,14
RIMR,SAADR,13
RIMR,SAADR,14
RIMR,SAAVL,13
RIMR,SAAVL,14
RIMR,SAAVR,13
RIMR,SAAVR,14
RIMR,SDQL,12
RIMR,SDQR,12
RIMR,SIBDL,12
RIMR,SIBDR,12
RIMR,SIBVL,12
RIMR,SIBVR,12
RIMR,SMBDL,12
RIMR,SMBDL,14
RIMR,SMBDR,12
RIMR,SMBDR,14
RIMR,SMBVL,12
RIMR,SMBVL,14
RIMR,SMBVR,12
RIMR,SMBVR,14
RIMR,SMDDL,14
RIMR,SMDDR,14
RIMR,SMDVL,14
RIMR,SMDVR,14
RIMR,URBL,12
RIMR,URBL,13
RIMR,URBR,12
RIMR,URBR,13
RIMR,URYDL,12
RIMR,URYDL,14
RIMR,URYDR,12
RIMR,URYDR,14
RIMR,URYVL,12
RIMR,URYVL,14
RIMR,URYVR,12
RIMR,URYVR,14
RIMR,VB1,12
RIMR,VC4,14
RIMR,VC5,14
