cell,gene_symbol
ADAL,dop-1
ADAR,dop-1
ADFL,dop-2
ADFL,dop-3
ADFL,ser-1
ADFL,ser-2
ADFL,ser-5
ADFR,dop-2
ADFR,dop-3
ADFR,ser-1
ADFR,ser-2
ADFR,ser-5
ADLL,ser-1
ADLR,ser-1
AIAL,dop-1
AIAL,tyra-2
AIAL,tyra-3
AIAR,dop-1
AIAR,tyra-2
AIAR,tyra-3
AIBL,dop-1
AIBL,ser-1
AIBL,ser-4
AIBL,tyra-2
AIBR,dop-1
AIBR,ser-1
AIBR,ser-4
AIBR,tyra-2
AIML,ser-5
AIML,tyra-2
AIML,tyra-3
AIMR,ser-5
AIMR,tyra-2
AIMR,tyra-3
AINL,ser-3
AINL,ser-4
AINL,tyra-3
AINR,ser-3
AINR,ser-4
AINR,tyra-3
AIYL,ser-2
AIYL,ser-4
AIYL,tyra-2
AIYL,tyra-3
AIYR,ser-2
AIYR,ser-4
AIYR,tyra-2
AIYR,tyra-3
AIZL,dop-1
AIZL,ser-1
AIZL,ser-2
AIZL,ser-3
AIZL,ser-4
AIZL,ser-5
AIZL,tyra-2
AIZL,tyra-3
AIZR,dop-1
AIZR,ser-1
AIZR,ser-2
AIZR,ser-3
AIZR,ser-4
AIZR,ser-5
AIZR,tyra-2
AIZR,tyra-3
ALA,dop-3
ALA,ser-3
ALML,dop-1
ALML,dop-4
ALML,octr-1
ALML,ser-6
ALML,tyra-3
ALMR,dop-1
ALMR,dop-4
ALMR,octr-1
ALMR,ser-6
ALMR,tyra-3
ALNL,ser-6
ALNL,tyra-3
ALNR,ser-6
ALNR,tyra-3
AQR,tyra-2
AS1,dop-3
AS1,tyra-3
AS10,dop-3
AS10,tyra-3
AS11,dop-3
AS11,tyra-3
AS2,dop-3
AS2,tyra-3
AS3,dop-3
AS3,tyra-3
AS4,dop-3
AS4,tyra-3
AS5,dop-3
AS5,tyra-3
AS6,dop-3
AS6,tyra-3
AS7,dop-3
AS7,tyra-3
AS8,dop-3
AS8,tyra-3
AS9,dop-3
AS9,tyra-3
ASEL,ser-3
ASEL,tyra-2
ASEL,tyra-3
ASER,tyra-2
ASER,tyra-3
ASGL,octr-1
ASGL,ser-1
ASGL,ser-4
ASGL,tyra-2
ASGL,tyra-3
ASGR,octr-1
ASGR,ser-1
ASGR,ser-4
ASGR,tyra-2
ASGR,tyra-3
ASHL,dop-2
ASHL,dop-3
ASHL,ser-3
ASHL,ser-4
ASHR,dop-2
ASHR,dop-3
ASHR,ser-3
ASHR,ser-4
ASJL,ser-3
ASJR,ser-3
ASKL,dop-2
ASKL,dop-3
ASKL,ser-3
ASKL,tyra-2
ASKL,tyra-3
ASKR,dop-2
ASKR,dop-3
ASKR,ser-3
ASKR,tyra-2
ASKR,tyra-3
AUAL,ser-7
AUAR,ser-7
AVAL,dop-1
AVAL,dop-2
AVAL,dop-3
AVAL,ser-3
AVAR,dop-1
AVAR,dop-2
AVAR,dop-3
AVAR,ser-3
AVBL,dop-1
AVBL,dop-3
AVBL,dop-4
AVBL,ser-2
AVBL,ser-4
AVBR,dop-1
AVBR,dop-3
AVBR,dop-4
AVBR,ser-2
AVBR,ser-4
AVDL,dop-3
AVDL,octr-1
AVDL,ser-4
AVDL,tyra-3
AVDR,dop-3
AVDR,octr-1
AVDR,ser-4
AVDR,tyra-3
AVEL,dop-1
AVEL,dop-3
AVEL,ser-5
AVER,dop-1
AVER,dop-3
AVER,ser-5
AVFL,dop-3
AVFR,dop-3
AVG,octr-1
AVG,ser-1
AVHL,dop-2
AVHL,ser-3
AVHL,ser-4
AVHR,dop-2
AVHR,ser-3
AVHR,ser-4
AVJL,ser-4
AVJL,tyra-2
AVJR,ser-4
AVJR,tyra-2
AVKL,dop-2
AVKL,dop-3
AVKL,dop-4
AVKL,ser-3
AVKR,dop-2
AVKR,dop-3
AVKR,dop-4
AVKR,ser-3
AVL,ser-2
AVL,ser-4
AVL,ser-7
AVM,dop-1
AVM,octr-1
AVM,tyra-3
AWCL,ser-3
AWCL,tyra-2
AWCR,ser-3
AWCR,tyra-2
BAGL,ser-3
BAGL,ser-4
BAGL,tyra-2
BAGL,tyra-3
BAGR,ser-3
BAGR,ser-4
BAGR,tyra-2
BAGR,tyra-3
BDUL,dop-1
BDUL,ser-2
BDUL,ser-4
BDUR,dop-1
BDUR,ser-2
BDUR,ser-4
CANL,ser-2
CANR,ser-2
CEPDL,dop-3
CEPDL,tyra-3
CEPDR,dop-3
CEPDR,tyra-3
CEPVL,dop-3
CEPVL,tyra-3
CEPVR,dop-3
CEPVR,tyra-3
DA1,dop-1
DA1,dop-3
DA1,octr-1
DA1,tyra-3
DA2,dop-1
DA2,dop-3
DA2,octr-1
DA2,tyra-3
DA3,dop-1
DA3,dop-3
DA3,octr-1
DA3,tyra-3
DA4,dop-1
DA4,dop-3
DA4,octr-1
DA4,tyra-3
DA5,dop-1
DA5,dop-3
DA5,octr-1
DA5,tyra-3
DA6,dop-1
DA6,dop-3
DA6,octr-1
DA6,tyra-3
DA7,dop-1
DA7,dop-3
DA7,octr-1
DA7,tyra-3
DA8,dop-1
DA8,dop-3
DA8,octr-1
DA8,tyra-3
DA9,dop-1
DA9,dop-2
DA9,dop-3
DA9,ser-6
DB1,dop-1
DB1,dop-2
DB1,dop-3
DB2,dop-1
DB2,dop-2
DB2,dop-3
DB2,octr-1
DB3,dop-1
DB3,dop-2
DB3,dop-3
DB3,octr-1
DB4,dop-1
DB4,dop-2
DB4,dop-3
DB4,octr-1
DB5,dop-1
DB5,dop-2
DB5,dop-3
DB5,octr-1
DB6,dop-1
DB6,dop-2
DB6,dop-3
DB6,octr-1
DB7,dop-1
DB7,dop-2
DB7,dop-3
DB7,octr-1
DD1,dop-3
DD2,dop-3
DD3,dop-3
DD4,dop-3
DD5,dop-3
DD6,dop-3
DVA,ser-2
DVA,ser-3
DVA,ser-4
DVA,tyra-2
DVB,dop-3
DVB,ser-7
DVC,tyra-2
FLPL,dop-1
FLPL,octr-1
FLPL,ser-1
FLPL,tyra-3
FLPR,dop-1
FLPR,octr-1
FLPR,ser-1
FLPR,tyra-3
HSNL,octr-1
HSNL,ser-4
HSNL,ser-5
HSNR,octr-1
HSNR,ser-4
HSNR,ser-5
I1L,dop-1
I1L,ser-1
I1L,tyra-3
I1R,dop-1
I1R,ser-1
I1R,tyra-3
I2L,dop-4
I2L,ser-1
I2L,ser-7
I2R,dop-4
I2R,ser-1
I2R,ser-7
I3,dop-4
I3,octr-1
I3,ser-5
I3,ser-6
I3,ser-7
I4,ser-7
I4,tyra-3
I5,dop-1
I5,ser-7
I6,ser-7
IL1DL,dop-3
IL1DL,ser-7
IL1DL,tyra-3
IL1DR,dop-3
IL1DR,ser-7
IL1DR,tyra-3
IL1L,dop-3
IL1L,ser-7
IL1L,tyra-3
IL1R,dop-3
IL1R,ser-7
IL1R,tyra-3
IL1VL,dop-3
IL1VL,ser-7
IL1VL,tyra-3
IL1VR,dop-3
IL1VR,ser-7
IL1VR,tyra-3
IL2DL,ser-5
IL2DR,ser-5
IL2L,octr-1
IL2L,ser-1
IL2L,ser-5
IL2R,octr-1
IL2R,ser-1
IL2R,ser-5
IL2VL,ser-5
IL2VR,ser-5
LUAL,tyra-3
LUAR,tyra-3
M1,dop-4
M1,octr-1
M1,ser-4
M1,tyra-3
M2L,octr-1
M2L,ser-7
M2R,octr-1
M2R,ser-7
M3L,ser-2
M3L,ser-3
M3L,ser-7
M3R,ser-2
M3R,ser-3
M3R,ser-7
M4,octr-1
M4,ser-7
M4,tyra-3
M5,ser-7
MCL,ser-7
MCL,tyra-2
MCR,ser-7
MCR,tyra-2
MI,octr-1
MI,ser-7
NSML,ser-1
NSML,ser-2
NSML,ser-4
NSML,tyra-2
NSML,tyra-3
NSMR,ser-1
NSMR,ser-2
NSMR,ser-4
NSMR,tyra-2
NSMR,tyra-3
OLLL,dop-4
OLLL,ser-2
OLLL,ser-3
OLLL,tyra-3
OLLR,dop-4
OLLR,ser-2
OLLR,ser-3
OLLR,tyra-3
OLQDL,dop-2
OLQDL,tyra-3
OLQDR,dop-2
OLQDR,tyra-3
OLQVL,dop-2
OLQVL,tyra-3
OLQVR,dop-2
OLQVR,tyra-3
PDB,dop-1
PDB,dop-2
PDB,ser-3
PDB,tyra-3
PDEL,dop-2
PDER,dop-2
PHAL,dop-3
PHAL,ser-3
PHAR,dop-3
PHAR,ser-3
PHBL,ser-3
PHBR,ser-3
PLML,dop-1
PLML,dop-4
PLML,octr-1
PLMR,dop-1
PLMR,dop-4
PLMR,octr-1
PLNL,ser-2
PLNR,ser-2
PVCL,octr-1
PVCL,ser-4
PVCL,tyra-3
PVCR,octr-1
PVCR,ser-4
PVCR,tyra-3
PVDL,dop-1
PVDL,dop-3
PVDL,octr-1
PVDL,ser-2
PVDL,ser-4
PVDL,tyra-3
PVDR,dop-1
PVDR,dop-3
PVDR,octr-1
PVDR,ser-2
PVDR,ser-4
PVDR,tyra-3
PVM,dop-2
PVM,dop-3
PVM,dop-4
PVM,octr-1
PVM,ser-2
PVM,tyra-3
PVNL,dop-1
PVNL,dop-3
PVNL,ser-4
PVNR,dop-1
PVNR,dop-3
PVNR,ser-4
PVPL,tyra-3
PVPR,tyra-3
PVQL,ser-3
PVQL,tyra-2
PVQL,tyra-3
PVQR,ser-3
PVQR,tyra-2
PVQR,tyra-3
PVR,dop-1
PVR,tyra-2
PVR,tyra-3
PVT,ser-1
PVT,ser-3
PVWL,dop-1
PVWL,ser-4
PVWL,tyra-3
PVWR,dop-1
PVWR,ser-4
PVWR,tyra-3
RIAL,dop-2
RIAL,ser-1
RIAR,dop-2
RIAR,ser-1
RIBL,octr-1
RIBR,octr-1
RICL,dop-3
RICL,tyra-2
RICR,dop-3
RICR,tyra-2
RID,dop-1
RID,ser-2
RID,ser-3
RID,tyra-2
RIFL,tyra-3
RIFR,tyra-3
RIGL,dop-1
RIGL,dop-2
RIGL,dop-3
RIGL,octr-1
RIGL,ser-2
RIGL,ser-4
RIGL,tyra-2
RIGL,tyra-3
RIGR,dop-1
RIGR,dop-2
RIGR,dop-3
RIGR,octr-1
RIGR,ser-2
RIGR,ser-4
RIGR,tyra-2
RIGR,tyra-3
RIH,ser-1
RIH,ser-5
RIH,ser-6
RIML,dop-1
RIML,dop-2
RIML,ser-3
RIML,ser-4
RIML,ser-5
RIML,tyra-3
RIMR,dop-1
RIMR,dop-2
RIMR,ser-3
RIMR,ser-4
RIMR,ser-5
RIMR,tyra-3
RIPL,dop-1
RIPL,octr-1
RIPL,ser-1
RIPL,ser-4
RIPL,ser-5
RIPR,dop-1
RIPR,octr-1
RIPR,ser-1
RIPR,ser-4
RIPR,ser-5
RIR,ser-1
RIR,ser-4
RIR,ser-5
RIS,dop-1
RIS,dop-3
RIS,ser-4
RIS,ser-7
RIVL,dop-1
RIVL,ser-2
RIVL,tyra-3
RIVR,dop-1
RIVR,ser-2
RIVR,tyra-3
RMDDL,ser-5
RMDDR,ser-5
RMDL,ser-4
RMDL,ser-5
RMDL,tyra-3
RMDR,ser-4
RMDR,ser-5
RMDR,tyra-3
RMDVL,ser-5
RMDVR,ser-5
RMED,ser-2
RMED,ser-3
RMED,ser-7
RMEL,ser-2
RMEL,ser-5
RMER,ser-2
RMER,ser-5
RMEV,ser-2
RMEV,ser-3
RMEV,ser-7
RMFL,dop-1
RMFL,dop-2
RMFL,ser-4
RMFL,tyra-2
RMFR,dop-1
RMFR,dop-2
RMFR,ser-4
RMFR,tyra-2
RMGL,octr-1
RMGR,octr-1
RMHL,dop-4
RMHR,dop-4
SAADL,ser-4
SAADL,tyra-2
SAADL,tyra-3
SAADR,ser-4
SAADR,tyra-2
SAADR,tyra-3
SAAVL,ser-4
SAAVL,tyra-2
SAAVL,tyra-3
SAAVR,ser-4
SAAVR,tyra-2
SAAVR,tyra-3
SABD,dop-3
SABVL,dop-3
SABVR,dop-3
SDQL,ser-2
SDQR,ser-2
SIADL,dop-2
SIADL,dop-3
SIADL,ser-3
SIADL,ser-4
SIADR,dop-2
SIADR,dop-3
SIADR,ser-3
SIADR,ser-4
SIAVL,dop-2
SIAVL,dop-3
SIAVL,ser-3
SIAVL,ser-4
SIAVR,dop-2
SIAVR,dop-3
SIAVR,ser-3
SIAVR,ser-4
SIBDL,ser-2
SIBDR,ser-2
SIBVL,ser-2
SIBVR,ser-2
SMBDL,octr-1
SMBDL,ser-2
SMBDL,ser-5
SMBDL,tyra-3
SMBDR,octr-1
SMBDR,ser-2
SMBDR,ser-5
SMBDR,tyra-3
SMBVL,octr-1
SMBVL,ser-2
SMBVL,ser-5
SMBVL,tyra-3
SMBVR,octr-1
SMBVR,ser-2
SMBVR,ser-5
SMBVR,tyra-3
SMDDL,dop-1
SMDDL,ser-4
SMDDL,ser-5
SMDDL,tyra-3
SMDDR,dop-1
SMDDR,ser-4
SMDDR,ser-5
SMDDR,tyra-3
SMDVL,dop-1
SMDVL,ser-4
SMDVL,ser-5
SMDVL,tyra-3
SMDVR,dop-1
SMDVR,ser-4
SMDVR,ser-5
SMDVR,tyra-3
URADL,ser-1
URADL,ser-3
URADL,ser-5
URADR,ser-1
URADR,ser-3
URADR,ser-5
URAVL,ser-1
URAVL,ser-3
URAVL,ser-5
URAVR,ser-1
URAVR,ser-3
URAVR,ser-5
URBL,dop-2
URBL,octr-1
URBL,ser-1
URBL,ser-2
URBL,ser-4
URBL,tyra-2
URBR,dop-2
URBR,octr-1
URBR,ser-1
URBR,ser-2
URBR,ser-4
URBR,tyra-2
URXL,ser-3
URXL,ser-4
URXL,ser-5
URXR,ser-3
URXR,ser-4
URXR,ser-5
URYDL,ser-2
URYDL,tyra-3
URYDR,ser-2
URYDR,tyra-3
URYVL,ser-2
URYVL,tyra-3
URYVR,ser-2
URYVR,tyra-3
VA1,dop-1
VA1,dop-3
VA1,octr-1
VA10,dop-1
VA10,dop-3
VA10,octr-1
VA11,dop-1
VA11,dop-3
VA11,octr-1
VA12,dop-1
VA12,dop-2
VA12,dop-3
VA12,ser-6
VA2,dop-1
VA2,dop-3
VA2,octr-1
VA3,dop-1
VA3,dop-3
VA3,octr-1
VA4,dop-1
VA4,dop-3
VA4,octr-1
VA5,dop-1
VA5,dop-3
VA5,octr-1
VA6,dop-1
VA6,dop-3
VA6,octr-1
VA7,dop-1
VA7,dop-3
VA7,octr-1
VA8,dop-1
VA8,dop-3
VA8,octr-1
VA9,dop-1
VA9,dop-3
VA9,octr-1
VB1,dop-1
VB1,dop-2
VB1,dop-3
VB1,ser-2
VB1,ser-4
VB10,dop-1
VB10,dop-2
VB10,dop-3
VB11,dop-1
VB11,dop-2
VB11,dop-3
VB2,dop-1
VB2,dop-2
VB2,dop-3
VB3,dop-1
VB3,dop-2
VB3,dop-3
VB4,dop-1
VB4,dop-2
VB4,dop-3
VB5,dop-1
VB5,dop-2
VB5,dop-3
VB6,dop-1
VB6,dop-2
VB6,dop-3
VB7,dop-1
VB7,dop-2
VB7,dop-3
VB8,dop-1
VB8,dop-2
VB8,dop-3
VB9,dop-1
VB9,dop-2
VB9,dop-3
VC4,ser-7
VC4,tyra-3
VC5,ser-7
VC5,tyra-3
VD1,dop-3
VD10,dop-3
VD11,dop-3
VD12,dop-3
VD13,dop-3
VD2,dop-3
VD3,dop-3
VD4,dop-3
VD5,dop-3
VD6,dop-3
VD7,dop-3
VD8,dop-3
VD9,dop-3
