source,target,weight
ADEL,ADAL,1
ADEL,ADAR,1
ADEL,ADFL,2
ADEL,ADFR,2
ADEL,AIAL,1
ADEL,AIAR,1
ADEL,AIBL,1
ADEL,AIBR,1
ADEL,AIZL,1
ADEL,AIZR,1
ADEL,ALA,1
ADEL,ALML,2
ADEL,ALMR,2
ADEL,AS1,1
ADEL,AS10,1
ADEL,AS11,1
ADEL,AS2,1
ADEL,AS3,1
ADEL,AS4,1
ADEL,AS5,1
ADEL,AS6,1
ADEL,AS7,1
ADEL,AS8,1
ADEL,AS9,1
ADEL,ASHL,2
ADEL,ASHR,2
ADEL,ASKL,2
ADEL,ASKR,2
ADEL,AVAL,3
ADEL,AVAR,3
ADEL,AVBL,3
ADEL,AVBR,3
ADEL,AVDL,1
ADEL,AVDR,1
ADEL,AVEL,2
ADEL,AVER,2
ADEL,AVFL,1
ADEL,AVFR,1
ADEL,AVHL,1
ADEL,AVHR,1
ADEL,AVKL,3
ADEL,AVKR,3
ADEL,AVM,1
ADEL,BDUL,1
ADEL,BDUR,1
ADEL,CEPDL,1
ADEL,CEPDR,1
ADEL,CEPVL,1
ADEL,CEPVR,1
ADEL,DA1,2
ADEL,DA2,2
ADEL,DA3,2
ADEL,DA4,2
ADEL,DA5,2
ADEL,DA6,2
ADEL,DA7,2
ADEL,DA8,2
ADEL,DA9,3
ADEL,DB1,3
ADEL,DB2,3
ADEL,DB3,3
ADEL,DB4,3
ADEL,DB5,3
ADEL,DB6,3
ADEL,DB7,3
ADEL,DD1,1
ADEL,DD2,1
ADEL,DD3,1
ADEL,DD4,1
ADEL,DD5,1
ADEL,DD6,1
ADEL,DVB,1
ADEL,FLPL,1
ADEL,FLPR,1
ADEL,I1L,1
ADEL,I1R,1
ADEL,I2L,1
ADEL,I2R,1
ADEL,I3,1
ADEL,I5,1
ADEL,IL1DL,1
ADEL,IL1DR,1
ADEL,IL1L,1
ADEL,IL1R,1
ADEL,IL1VL,1
ADEL,IL1VR,1
ADEL,M1,1
ADEL,OLLL,1
ADEL,OLLR,1
ADEL,OLQDL,1
ADEL,OLQDR,1
ADEL,OLQVL,1
ADEL,OLQVR,1
ADEL,PDB,2
ADEL,PDEL,1
ADEL,PDER,1
ADEL,PHAL,1
ADEL,PHAR,1
ADEL,PLML,2
ADEL,PLMR,2
ADEL,PVDL,2
ADEL,PVDR,2
ADEL,PVM,3
ADEL,PVNL,2
ADEL,PVNR,2
ADEL,PVR,1
ADEL,PVWL,1
ADEL,PVWR,1
ADEL,RIAL,1
ADEL,RIAR,1
ADEL,RICL,1
ADEL,RICR,1
ADEL,RID,1
ADEL,RIGL,3
ADEL,RIGR,3
ADEL,RIML,2
ADEL,RIMR,2
ADEL,RIPL,1
ADEL,RIPR,1
ADEL,RIS,2
ADEL,RIVL,1
ADEL,RIVR,1
ADEL,RMFL,2
ADEL,RMFR,2
ADEL,RMHL,1
ADEL,RMHR,1
ADEL,SABD,1
ADEL,SABVL,1
ADEL,SABVR,1
ADEL,SIADL,2
ADEL,SIADR,2
ADEL,SIAVL,2
ADEL,SIAVR,2
ADEL,SMDDL,1
ADEL,SMDDR,1
ADEL,SMDVL,1
ADEL,SMDVR,1
ADEL,URBL,1
ADEL,URBR,1
ADEL,VA1,2
ADEL,VA10,2
ADEL,VA11,2
ADEL,VA12,3
ADEL,VA2,2
ADEL,VA3,2
ADEL,VA4,2
ADEL,VA5,2
ADEL,VA6,2
ADEL,VA7,2
ADEL,VA8,2
ADEL,VA9,2
ADEL,VB1,3
ADEL,VB10,3
ADEL,VB11,3
ADEL,VB2,3
ADEL,VB3,3
ADEL,VB4,3
ADEL,VB5,3
ADEL,VB6,3
ADEL,VB7,3
ADEL,VB8,3
ADEL,VB9,3
ADEL,VD1,1
ADEL,VD10,1
ADEL,VD11,1
ADEL,VD12,1
ADEL,VD13,1
ADEL,VD2,1
ADEL,VD3,1
ADEL,VD4,1
ADEL,VD5,1
ADEL,VD6,1
ADEL,VD7,1
ADEL,VD8,1
ADEL,VD9,1
ADER,ADAL,1
ADER,ADAR,1
ADER,ADFL,2
ADER,ADFR,2
ADER,AIAL,1
ADER,AIAR,1
ADER,AIBL,1
ADER,AIBR,1
ADER,AIZL,1
ADER,AIZR,1
ADER,ALA,1
ADER,ALML,2
ADER,ALMR,2
ADER,AS1,1
ADER,AS10,1
ADER,AS11,1
ADER,AS2,1
ADER,AS3,1
ADER,AS4,1
ADER,AS5,1
ADER,AS6,1
ADER,AS7,1
ADER,AS8,1
ADER,AS9,1
ADER,ASHL,2
ADER,ASHR,2
ADER,ASKL,2
ADER,ASKR,2
ADER,AVAL,3
ADER,AVAR,3
ADER,AVBL,3
ADER,AVBR,3
ADER,AVDL,1
ADER,AVDR,1
ADER,AVEL,2
ADER,AVER,2
ADER,AVFL,1
ADER,AVFR,1
ADER,AVHL,1
ADER,AVHR,1
ADER,AVKL,3
ADER,AVKR,3
ADER,AVM,1
ADER,BDUL,1
ADER,BDUR,1
ADER,CEPDL,1
ADER,CEPDR,1
ADER,CEPVL,1
ADER,CEPVR,1
ADER,DA1,2
ADER,DA2,2
ADER,DA3,2
ADER,DA4,2
ADER,DA5,2
ADER,DA6,2
ADER,DA7,2
ADER,DA8,2
ADER,DA9,3
ADER,DB1,3
ADER,DB2,3
ADER,DB3,3
ADER,DB4,3
ADER,DB5,3
ADER,DB6,3
ADER,DB7,3
ADER,DD1,1
ADER,DD2,1
ADER,DD3,1
ADER,DD4,1
ADER,DD5,1
ADER,DD6,1
ADER,DVB,1
ADER,FLPL,1
ADER,FLPR,1
ADER,I1L,1
ADER,I1R,1
ADER,I2L,1
ADER,I2R,1
ADER,I3,1
ADER,I5,1
ADER,IL1DL,1
ADER,IL1DR,1
ADER,IL1L,1
ADER,IL1R,1
ADER,IL1VL,1
ADER,IL1VR,1
ADER,M1,1
ADER,OLLL,1
ADER,OLLR,1
ADER,OLQDL,1
ADER,OLQDR,1
ADER,OLQVL,1
ADER,OLQVR,1
ADER,PDB,2
ADER,PDEL,1
ADER,PDER,1
ADER,PHAL,1
ADER,PHAR,1
ADER,PLML,2
ADER,PLMR,2
ADER,PVDL,2
ADER,PVDR,2
ADER,PVM,3
ADER,PVNL,2
ADER,PVNR,2
ADER,PVR,1
ADER,PVWL,1
ADER,PVWR,1
ADER,RIAL,1
ADER,RIAR,1
ADER,RICL,1
ADER,RICR,1
ADER,RID,1
ADER,RIGL,3
ADER,RIGR,3
ADER,RIML,2
ADER,RIMR,2
ADER,RIPL,1
ADER,RIPR,1
ADER,RIS,2
ADER,RIVL,1
ADER,RIVR,1
ADER,RMFL,2
ADER,RMFR,2
ADER,RMHL,1
ADER,RMHR,1
ADER,SABD,1
ADER,SABVL,1
ADER,SABVR,1
ADER,SIADL,2
ADER,SIADR,2
ADER,SIAVL,2
ADER,SIAVR,2
ADER,SMDDL,1
ADER,SMDDR,1
ADER,SMDVL,1
ADER,SMDVR,1
ADER,URBL,1
ADER,URBR,1
ADER,VA1,2
ADER,VA10,2
ADER,VA11,2
ADER,VA12,3
ADER,VA2,2
ADER,VA3,2
ADER,VA4,2
ADER,VA5,2
ADER,VA6,2
ADER,VA7,2
ADER,VA8,2
ADER,VA9,2
ADER,VB1,3
ADER,VB10,3
ADER,VB11,3
ADER,VB2,3
ADER,VB3,3
ADER,VB4,3
ADER,VB5,3
ADER,VB6,3
ADER,VB7,3
ADER,VB8,3
ADER,VB9,3
ADER,VD1,1
ADER,VD10,1
ADER,VD11,1
ADER,VD12,1
ADER,VD13,1
ADER,VD2,1
ADER,VD3,1
ADER,VD4,1
ADER,VD5,1
ADER,VD6,1
ADER,VD7,1
ADER,VD8,1
ADER,VD9,1
ADFL,ADFL,2
ADFL,ADFR,2
ADFL,ADLL,1
ADFL,ADLR,1
ADFL,AIBL,2
ADFL,AIBR,2
ADFL,AIML,1
ADFL,AIMR,1
ADFL,AINL,1
ADFL,AINR,1
ADFL,AIYL,1
ADFL,AIYR,1
ADFL,AIZL,3
ADFL,AIZR,3
ADFL,ASGL,2
ADFL,ASGR,2
ADFL,ASHL,1
ADFL,ASHR,1
ADFL,AUAL,1
ADFL,AUAR,1
ADFL,AVBL,1
ADFL,AVBR,1
ADFL,AVDL,1
ADFL,AVDR,1
ADFL,AVEL,1
ADFL,AVER,1
ADFL,AVG,1
ADFL,AVHL,1
ADFL,AVHR,1
ADFL,AVJL,1
ADFL,AVJR,1
ADFL,AVL,2
ADFL,BAGL,1
ADFL,BAGR,1
ADFL,BDUL,1
ADFL,BDUR,1
ADFL,DVA,1
ADFL,DVB,1
ADFL,FLPL,1
ADFL,FLPR,1
ADFL,HSNL,2
ADFL,HSNR,2
ADFL,I1L,1
ADFL,I1R,1
ADFL,I2L,2
ADFL,I2R,2
ADFL,I3,2
ADFL,I4,1
ADFL,I5,1
ADFL,I6,1
ADFL,IL1DL,1
ADFL,IL1DR,1
ADFL,IL1L,1
ADFL,IL1R,1
ADFL,IL1VL,1
ADFL,IL1VR,1
ADFL,IL2DL,1
ADFL,IL2DR,1
ADFL,IL2L,2
ADFL,IL2R,2
ADFL,IL2VL,1
ADFL,IL2VR,1
ADFL,M1,1
ADFL,M2L,1
ADFL,M2R,1
ADFL,M3L,1
ADFL,M3R,1
ADFL,M4,1
ADFL,M5,1
ADFL,MCL,1
ADFL,MCR,1
ADFL,MI,1
ADFL,NSML,2
ADFL,NSMR,2
ADFL,PVCL,1
ADFL,PVCR,1
ADFL,PVDL,1
ADFL,PVDR,1
ADFL,PVNL,1
ADFL,PVNR,1
ADFL,PVT,1
ADFL,PVWL,1
ADFL,PVWR,1
ADFL,RIAL,1
ADFL,RIAR,1
ADFL,RIGL,1
ADFL,RIGR,1
ADFL,RIH,2
ADFL,RIML,2
ADFL,RIMR,2
ADFL,RIPL,3
ADFL,RIPR,3
ADFL,RIR,3
ADFL,RIS,2
ADFL,RMDDL,1
ADFL,RMDDR,1
ADFL,RMDL,2
ADFL,RMDR,2
ADFL,RMDVL,1
ADFL,RMDVR,1
ADFL,RMED,1
ADFL,RMEL,1
ADFL,RMER,1
ADFL,RMEV,1
ADFL,RMFL,1
ADFL,RMFR,1
ADFL,SAADL,1
ADFL,SAADR,1
ADFL,SAAVL,1
ADFL,SAAVR,1
ADFL,SIADL,1
ADFL,SIADR,1
ADFL,SIAVL,1
ADFL,SIAVR,1
ADFL,SMBDL,1
ADFL,SMBDR,1
ADFL,SMBVL,1
ADFL,SMBVR,1
ADFL,SMDDL,2
ADFL,SMDDR,2
ADFL,SMDVL,2
ADFL,SMDVR,2
ADFL,URADL,2
ADFL,URADR,2
ADFL,URAVL,2
ADFL,URAVR,2
ADFL,URBL,2
ADFL,URBR,2
ADFL,URXL,2
ADFL,URXR,2
ADFL,VB1,1
ADFL,VC4,1
ADFL,VC5,1
ADFR,ADFL,2
ADFR,ADFR,2
ADFR,ADLL,1
ADFR,ADLR,1
ADFR,AIBL,2
ADFR,AIBR,2
ADFR,AIML,1
ADFR,AIMR,1
ADFR,AINL,1
ADFR,AINR,1
ADFR,AIYL,1
ADFR,AIYR,1
ADFR,AIZL,3
ADFR,AIZR,3
ADFR,ASGL,2
ADFR,ASGR,2
ADFR,ASHL,1
ADFR,ASHR,1
ADFR,AUAL,1
ADFR,AUAR,1
ADFR,AVBL,1
ADFR,AVBR,1
ADFR,AVDL,1
ADFR,AVDR,1
ADFR,AVEL,1
ADFR,AVER,1
ADFR,AVG,1
ADFR,AVHL,1
ADFR,AVHR,1
ADFR,AVJL,1
ADFR,AVJR,1
ADFR,AVL,2
ADFR,BAGL,1
ADFR,BAGR,1
ADFR,BDUL,1
ADFR,BDUR,1
ADFR,DVA,1
ADFR,DVB,1
ADFR,FLPL,1
ADFR,FLPR,1
ADFR,HSNL,2
ADFR,HSNR,2
ADFR,I1L,1
ADFR,I1R,1
ADFR,I2L,2
ADFR,I2R,2
ADFR,I3,2
ADFR,I4,1
ADFR,I5,1
ADFR,I6,1
ADFR,IL1DL,1
ADFR,IL1DR,1
ADFR,IL1L,1
ADFR,IL1R,1
ADFR,IL1VL,1
ADFR,IL1VR,1
ADFR,IL2DL,1
ADFR,IL2DR,1
ADFR,IL2L,2
ADFR,IL2R,2
ADFR,IL2VL,1
ADFR,IL2VR,1
ADFR,M1,1
ADFR,M2L,1
ADFR,M2R,1
ADFR,M3L,1
ADFR,M3R,1
ADFR,M4,1
ADFR,M5,1
ADFR,MCL,1
ADFR,MCR,1
ADFR,MI,1
ADFR,NSML,2
ADFR,NSMR,2
ADFR,PVCL,1
ADFR,PVCR,1
ADFR,PVDL,1
ADFR,PVDR,1
ADFR,PVNL,1
ADFR,PVNR,1
ADFR,PVT,1
ADFR,PVWL,1
ADFR,PVWR,1
ADFR,RIAL,1
ADFR,RIAR,1
ADFR,RIGL,1
ADFR,RIGR,1
ADFR,RIH,2
ADFR,RIML,2
ADFR,RIMR,2
ADFR,RIPL,3
ADFR,RIPR,3
ADFR,RIR,3
ADFR,RIS,2
ADFR,RMDDL,1
ADFR,RMDDR,1
ADFR,RMDL,2
ADFR,RMDR,2
ADFR,RMDVL,1
ADFR,RMDVR,1
ADFR,RMED,1
ADFR,RMEL,1
ADFR,RMER,1
ADFR,RMEV,1
ADFR,RMFL,1
ADFR,RMFR,1
ADFR,SAADL,1
ADFR,SAADR,1
ADFR,SAAVL,1
ADFR,SAAVR,1
ADFR,SIADL,1
ADFR,SIADR,1
ADFR,SIAVL,1
ADFR,SIAVR,1
ADFR,SMBDL,1
ADFR,SMBDR,1
ADFR,SMBVL,1
ADFR,SMBVR,1
ADFR,SMDDL,2
ADFR,SMDDR,2
ADFR,SMDVL,2
ADFR,SMDVR,2
ADFR,URADL,2
ADFR,URADR,2
ADFR,URAVL,2
ADFR,URAVR,2
ADFR,URBL,2
ADFR,URBR,2
ADFR,URXL,2
ADFR,URXR,2
ADFR,VB1,1
ADFR,VC4,1
ADFR,VC5,1
CEPDL,ADAL,1
CEPDL,ADAR,1
CEPDL,ADFL,2
CEPDL,ADFR,2
CEPDL,AIAL,1
CEPDL,AIAR,1
CEPDL,AIBL,1
CEPDL,AIBR,1
CEPDL,AIZL,1
CEPDL,AIZR,1
CEPDL,ALA,1
CEPDL,ALML,2
CEPDL,ALMR,2
CEPDL,AS1,1
CEPDL,AS10,1
CEPDL,AS11,1
CEPDL,AS2,1
CEPDL,AS3,1
CEPDL,AS4,1
CEPDL,AS5,1
CEPDL,AS6,1
CEPDL,AS7,1
CEPDL,AS8,1
CEPDL,AS9,1
CEPDL,ASHL,2
CEPDL,ASHR,2
CEPDL,ASKL,2
CEPDL,ASKR,2
CEPDL,AVAL,3
CEPDL,AVAR,3
CEPDL,AVBL,3
CEPDL,AVBR,3
CEPDL,AVDL,1
CEPDL,AVDR,1
CEPDL,AVEL,2
CEPDL,AVER,2
CEPDL,AVFL,1
CEPDL,AVFR,1
CEPDL,AVHL,1
CEPDL,AVHR,1
CEPDL,AVKL,3
CEPDL,AVKR,3
CEPDL,AVM,1
CEPDL,BDUL,1
CEPDL,BDUR,1
CEPDL,CEPDL,1
CEPDL,CEPDR,1
CEPDL,CEPVL,1
CEPDL,CEPVR,1
CEPDL,DA1,2
CEPDL,DA2,2
CEPDL,DA3,2
CEPDL,DA4,2
CEPDL,DA5,2
CEPDL,DA6,2
CEPDL,DA7,2
CEPDL,DA8,2
CEPDL,DA9,3
CEPDL,DB1,3
CEPDL,DB2,3
CEPDL,DB3,3
CEPDL,DB4,3
CEPDL,DB5,3
CEPDL,DB6,3
CEPDL,DB7,3
CEPDL,DD1,1
CEPDL,DD2,1
CEPDL,DD3,1
CEPDL,DD4,1
CEPDL,DD5,1
CEPDL,DD6,1
CEPDL,DVB,1
CEPDL,FLPL,1
CEPDL,FLPR,1
CEPDL,I1L,1
CEPDL,I1R,1
CEPDL,I2L,1
CEPDL,I2R,1
CEPDL,I3,1
CEPDL,I5,1
CEPDL,IL1DL,1
CEPDL,IL1DR,1
CEPDL,IL1L,1
CEPDL,IL1R,1
CEPDL,IL1VL,1
CEPDL,IL1VR,1
CEPDL,M1,1
CEPDL,OLLL,1
CEPDL,OLLR,1
CEPDL,OLQDL,1
CEPDL,OLQDR,1
CEPDL,OLQVL,1
CEPDL,OLQVR,1
CEPDL,PDB,2
CEPDL,PDEL,1
CEPDL,PDER,1
CEPDL,PHAL,1
CEPDL,PHAR,1
CEPDL,PLML,2
CEPDL,PLMR,2
CEPDL,PVDL,2
CEPDL,PVDR,2
CEPDL,PVM,3
CEPDL,PVNL,2
CEPDL,PVNR,2
CEPDL,PVR,1
CEPDL,PVWL,1
CEPDL,PVWR,1
CEPDL,RIAL,1
CEPDL,RIAR,1
CEPDL,RICL,1
CEPDL,RICR,1
CEPDL,RID,1
CEPDL,RIGL,3
CEPDL,RIGR,3
CEPDL,RIML,2
CEPDL,RIMR,2
CEPDL,RIPL,1
CEPDL,RIPR,1
CEPDL,RIS,2
CEPDL,RIVL,1
CEPDL,RIVR,1
CEPDL,RMFL,2
CEPDL,RMFR,2
CEPDL,RMHL,1
CEPDL,RMHR,1
CEPDL,SABD,1
CEPDL,SABVL,1
CEPDL,SABVR,1
CEPDL,SIADL,2
CEPDL,SIADR,2
CEPDL,SIAVL,2
CEPDL,SIAVR,2
CEPDL,SMDDL,1
CEPDL,SMDDR,1
CEPDL,SMDVL,1
CEPDL,SMDVR,1
CEPDL,URBL,1
CEPDL,URBR,1
CEPDL,VA1,2
CEPDL,VA10,2
CEPDL,VA11,2
CEPDL,VA12,3
CEPDL,VA2,2
CEPDL,VA3,2
CEPDL,VA4,2
CEPDL,VA5,2
CEPDL,VA6,2
CEPDL,VA7,2
CEPDL,VA8,2
CEPDL,VA9,2
CEPDL,VB1,3
CEPDL,VB10,3
CEPDL,VB11,3
CEPDL,VB2,3
CEPDL,VB3,3
CEPDL,VB4,3
CEPDL,VB5,3
CEPDL,VB6,3
CEPDL,VB7,3
CEPDL,VB8,3
CEPDL,VB9,3
CEPDL,VD1,1
CEPDL,VD10,1
CEPDL,VD11,1
CEPDL,VD12,1
CEPDL,VD13,1
CEPDL,VD2,1
CEPDL,VD3,1
CEPDL,VD4,1
CEPDL,VD5,1
CEPDL,VD6,1
CEPDL,VD7,1
CEPDL,VD8,1
CEPDL,VD9,1
CEPDR,ADAL,1
CEPDR,ADAR,1
CEPDR,ADFL,2
CEPDR,ADFR,2
CEPDR,AIAL,1
CEPDR,AIAR,1
CEPDR,AIBL,1
CEPDR,AIBR,1
CEPDR,AIZL,1
CEPDR,AIZR,1
CEPDR,ALA,1
CEPDR,ALML,2
CEPDR,ALMR,2
CEPDR,AS1,1
CEPDR,AS10,1
CEPDR,AS11,1
CEPDR,AS2,1
CEPDR,AS3,1
CEPDR,AS4,1
CEPDR,AS5,1
CEPDR,AS6,1
CEPDR,AS7,1
CEPDR,AS8,1
CEPDR,AS9,1
CEPDR,ASHL,2
CEPDR,ASHR,2
CEPDR,ASKL,2
CEPDR,ASKR,2
CEPDR,AVAL,3
CEPDR,AVAR,3
CEPDR,AVBL,3
CEPDR,AVBR,3
CEPDR,AVDL,1
CEPDR,AVDR,1
CEPDR,AVEL,2
CEPDR,AVER,2
CEPDR,AVFL,1
CEPDR,AVFR,1
CEPDR,AVHL,1
CEPDR,AVHR,1
CEPDR,AVKL,3
CEPDR,AVKR,3
CEPDR,AVM,1
CEPDR,BDUL,1
CEPDR,BDUR,1
CEPDR,CEPDL,1
CEPDR,CEPDR,1
CEPDR,CEPVL,1
CEPDR,CEPVR,1
CEPDR,DA1,2
CEPDR,DA2,2
CEPDR,DA3,2
CEPDR,DA4,2
CEPDR,DA5,2
CEPDR,DA6,2
CEPDR,DA7,2
CEPDR,DA8,2
CEPDR,DA9,3
CEPDR,DB1,3
CEPDR,DB2,3
CEPDR,DB3,3
CEPDR,DB4,3
CEPDR,DB5,3
CEPDR,DB6,3
CEPDR,DB7,3
CEPDR,DD1,1
CEPDR,DD2,1
CEPDR,DD3,1
CEPDR,DD4,1
CEPDR,DD5,1
CEPDR,DD6,1
CEPDR,DVB,1
CEPDR,FLPL,1
CEPDR,FLPR,1
CEPDR,I1L,1
CEPDR,I1R,1
CEPDR,I2L,1
CEPDR,I2R,1
CEPDR,I3,1
CEPDR,I5,1
CEPDR,IL1DL,1
CEPDR,IL1DR,1
CEPDR,IL1L,1
CEPDR,IL1R,1
CEPDR,IL1VL,1
CEPDR,IL1VR,1
CEPDR,M1,1
CEPDR,OLLL,1
CEPDR,OLLR,1
CEPDR,OLQDL,1
CEPDR,OLQDR,1
CEPDR,OLQVL,1
CEPDR,OLQVR,1
CEPDR,PDB,2
CEPDR,PDEL,1
CEPDR,PDER,1
CEPDR,PHAL,1
CEPDR,PHAR,1
CEPDR,PLML,2
CEPDR,PLMR,2
CEPDR,PVDL,2
CEPDR,PVDR,2
CEPDR,PVM,3
CEPDR,PVNL,2
CEPDR,PVNR,2
CEPDR,PVR,1
CEPDR,PVWL,1
CEPDR,PVWR,1
CEPDR,RIAL,1
CEPDR,RIAR,1
CEPDR,RICL,1
CEPDR,RICR,1
CEPDR,RID,1
CEPDR,RIGL,3
CEPDR,RIGR,3
CEPDR,RIML,2
CEPDR,RIMR,2
CEPDR,RIPL,1
CEPDR,RIPR,1
CEPDR,RIS,2
CEPDR,RIVL,1
CEPDR,RIVR,1
CEPDR,RMFL,2
CEPDR,RMFR,2
CEPDR,RMHL,1
CEPDR,RMHR,1
CEPDR,SABD,1
CEPDR,SABVL,1
CEPDR,SABVR,1
CEPDR,SIADL,2
CEPDR,SIADR,2
CEPDR,SIAVL,2
CEPDR,SIAVR,2
CEPDR,SMDDL,1
CEPDR,SMDDR,1
CEPDR,SMDVL,1
CEPDR,SMDVR,1
CEPDR,URBL,1
CEPDR,URBR,1
CEPDR,VA1,2
CEPDR,VA10,2
CEPDR,VA11,2
CEPDR,VA12,3
CEPDR,VA2,2
CEPDR,VA3,2
CEPDR,VA4,2
CEPDR,VA5,2
CEPDR,VA6,2
CEPDR,VA7,2
CEPDR,VA8,2
CEPDR,VA9,2
CEPDR,VB1,3
CEPDR,VB10,3
CEPDR,VB11,3
CEPDR,VB2,3
CEPDR,VB3,3
CEPDR,VB4,3
CEPDR,VB5,3
CEPDR,VB6,3
CEPDR,VB7,3
CEPDR,VB8,3
CEPDR,VB9,3
CEPDR,VD1,1
CEPDR,VD10,1
CEPDR,VD11,1
CEPDR,VD12,1
CEPDR,VD13,1
CEPDR,VD2,1
CEPDR,VD3,1
CEPDR,VD4,1
CEPDR,VD5,1
CEPDR,VD6,1
CEPDR,VD7,1
CEPDR,VD8,1
CEPDR,VD9,1
CEPVL,ADAL,1
CEPVL,ADAR,1
CEPVL,ADFL,2
CEPVL,ADFR,2
CEPVL,AIAL,1
CEPVL,AIAR,1
CEPVL,AIBL,1
CEPVL,AIBR,1
CEPVL,AIZL,1
CEPVL,AIZR,1
CEPVL,ALA,1
CEPVL,ALML,2
CEPVL,ALMR,2
CEPVL,AS1,1
CEPVL,AS10,1
CEPVL,AS11,1
CEPVL,AS2,1
CEPVL,AS3,1
CEPVL,AS4,1
CEPVL,AS5,1
CEPVL,AS6,1
CEPVL,AS7,1
CEPVL,AS8,1
CEPVL,AS9,1
CEPVL,ASHL,2
CEPVL,ASHR,2
CEPVL,ASKL,2
CEPVL,ASKR,2
CEPVL,AVAL,3
CEPVL,AVAR,3
CEPVL,AVBL,3
CEPVL,AVBR,3
CEPVL,AVDL,1
CEPVL,AVDR,1
CEPVL,AVEL,2
CEPVL,AVER,2
CEPVL,AVFL,1
CEPVL,AVFR,1
CEPVL,AVHL,1
CEPVL,AVHR,1
CEPVL,AVKL,3
CEPVL,AVKR,3
CEPVL,AVM,1
CEPVL,BDUL,1
CEPVL,BDUR,1
CEPVL,CEPDL,1
CEPVL,CEPDR,1
CEPVL,CEPVL,1
CEPVL,CEPVR,1
CEPVL,DA1,2
CEPVL,DA2,2
CEPVL,DA3,2
CEPVL,DA4,2
CEPVL,DA5,2
CEPVL,DA6,2
CEPVL,DA7,2
CEPVL,DA8,2
CEPVL,DA9,3
CEPVL,DB1,3
CEPVL,DB2,3
CEPVL,DB3,3
CEPVL,DB4,3
CEPVL,DB5,3
CEPVL,DB6,3
CEPVL,DB7,3
CEPVL,DD1,1
CEPVL,DD2,1
CEPVL,DD3,1
CEPVL,DD4,1
CEPVL,DD5,1
CEPVL,DD6,1
CEPVL,DVB,1
CEPVL,FLPL,1
CEPVL,FLPR,1
CEPVL,I1L,1
CEPVL,I1R,1
CEPVL,I2L,1
CEPVL,I2R,1
CEPVL,I3,1
CEPVL,I5,1
CEPVL,IL1DL,1
CEPVL,IL1DR,1
CEPVL,IL1L,1
CEPVL,IL1R,1
CEPVL,IL1VL,1
CEPVL,IL1VR,1
CEPVL,M1,1
CEPVL,OLLL,1
CEPVL,OLLR,1
CEPVL,OLQDL,1
CEPVL,OLQDR,1
CEPVL,OLQVL,1
CEPVL,OLQVR,1
CEPVL,PDB,2
CEPVL,PDEL,1
CEPVL,PDER,1
CEPVL,PHAL,1
CEPVL,PHAR,1
CEPVL,PLML,2
CEPVL,PLMR,2
CEPVL,PVDL,2
CEPVL,PVDR,2
CEPVL,PVM,3
CEPVL,PVNL,2
CEPVL,PVNR,2
CEPVL,PVR,1
CEPVL,PVWL,1
CEPVL,PVWR,1
CEPVL,RIAL,1
CEPVL,RIAR,1
CEPVL,RICL,1
CEPVL,RICR,1
CEPVL,RID,1
CEPVL,RIGL,3
CEPVL,RIGR,3
CEPVL,RIML,2
CEPVL,RIMR,2
CEPVL,RIPL,1
CEPVL,RIPR,1
CEPVL,RIS,2
CEPVL,RIVL,1
CEPVL,RIVR,1
CEPVL,RMFL,2
CEPVL,RMFR,2
CEPVL,RMHL,1
CEPVL,RMHR,1
CEPVL,SABD,1
CEPVL,SABVL,1
CEPVL,SABVR,1
CEPVL,SIADL,2
CEPVL,SIADR,2
CEPVL,SIAVL,2
CEPVL,SIAVR,2
CEPVL,SMDDL,1
CEPVL,SMDDR,1
CEPVL,SMDVL,1
CEPVL,SMDVR,1
CEPVL,URBL,1
CEPVL,URBR,1
CEPVL,VA1,2
CEPVL,VA10,2
CEPVL,VA11,2
CEPVL,VA12,3
CEPVL,VA2,2
CEPVL,VA3,2
CEPVL,VA4,2
CEPVL,VA5,2
CEPVL,VA6,2
CEPVL,VA7,2
CEPVL,VA8,2
CEPVL,VA9,2
CEPVL,VB1,3
CEPVL,VB10,3
CEPVL,VB11,3
CEPVL,VB2,3
CEPVL,VB3,3
CEPVL,VB4,3
CEPVL,VB5,3
CEPVL,VB6,3
CEPVL,VB7,3
CEPVL,VB8,3
CEPVL,VB9,3
CEPVL,VD1,1
CEPVL,VD10,1
CEPVL,VD11,1
CEPVL,VD12,1
CEPVL,VD13,1
CEPVL,VD2,1
CEPVL,VD3,1
CEPVL,VD4,1
CEPVL,VD5,1
CEPVL,VD6,1
CEPVL,VD7,1
CEPVL,VD8,1
CEPVL,VD9,1
CEPVR,ADAL,1
CEPVR,ADAR,1
CEPVR,ADFL,2
CEPVR,ADFR,2
CEPVR,AIAL,1
CEPVR,AIAR,1
CEPVR,AIBL,1
CEPVR,AIBR,1
CEPVR,AIZL,1
CEPVR,AIZR,1
CEPVR,ALA,1
CEPVR,ALML,2
CEPVR,ALMR,2
CEPVR,AS1,1
CEPVR,AS10,1
CEPVR,AS11,1
CEPVR,AS2,1
CEPVR,AS3,1
CEPVR,AS4,1
CEPVR,AS5,1
CEPVR,AS6,1
CEPVR,AS7,1
CEPVR,AS8,1
CEPVR,AS9,1
CEPVR,ASHL,2
CEPVR,ASHR,2
CEPVR,ASKL,2
CEPVR,ASKR,2
CEPVR,AVAL,3
CEPVR,AVAR,3
CEPVR,AVBL,3
CEPVR,AVBR,3
CEPVR,AVDL,1
CEPVR,AVDR,1
CEPVR,AVEL,2
CEPVR,AVER,2
CEPVR,AVFL,1
CEPVR,AVFR,1
CEPVR,AVHL,1
CEPVR,AVHR,1
CEPVR,AVKL,3
CEPVR,AVKR,3
CEPVR,AVM,1
CEPVR,BDUL,1
CEPVR,BDUR,1
CEPVR,CEPDL,1
CEPVR,CEPDR,1
CEPVR,CEPVL,1
CEPVR,CEPVR,1
CEPVR,DA1,2
CEPVR,DA2,2
CEPVR,DA3,2
CEPVR,DA4,2
CEPVR,DA5,2
CEPVR,DA6,2
CEPVR,DA7,2
CEPVR,DA8,2
CEPVR,DA9,3
CEPVR,DB1,3
CEPVR,DB2,3
CEPVR,DB3,3
CEPVR,DB4,3
CEPVR,DB5,3
CEPVR,DB6,3
CEPVR,DB7,3
CEPVR,DD1,1
CEPVR,DD2,1
CEPVR,DD3,1
CEPVR,DD4,1
CEPVR,DD5,1
CEPVR,DD6,1
CEPVR,DVB,1
CEPVR,FLPL,1
CEPVR,FLPR,1
CEPVR,I1L,1
CEPVR,I1R,1
CEPVR,I2L,1
CEPVR,I2R,1
CEPVR,I3,1
CEPVR,I5,1
CEPVR,IL1DL,1
CEPVR,IL1DR,1
CEPVR,IL1L,1
CEPVR,IL1R,1
CEPVR,IL1VL,1
CEPVR,IL1VR,1
CEPVR,M1,1
CEPVR,OLLL,1
CEPVR,OLLR,1
CEPVR,OLQDL,1
CEPVR,OLQDR,1
CEPVR,OLQVL,1
CEPVR,OLQVR,1
CEPVR,PDB,2
CEPVR,PDEL,1
CEPVR,PDER,1
CEPVR,PHAL,1
CEPVR,PHAR,1
CEPVR,PLML,2
CEPVR,PLMR,2
CEPVR,PVDL,2
CEPVR,PVDR,2
CEPVR,PVM,3
CEPVR,PVNL,2
CEPVR,PVNR,2
CEPVR,PVR,1
CEPVR,PVWL,1
CEPVR,PVWR,1
CEPVR,RIAL,1
CEPVR,RIAR,1
CEPVR,RICL,1
CEPVR,RICR,1
CEPVR,RID,1
CEPVR,RIGL,3
CEPVR,RIGR,3
CEPVR,RIML,2
CEPVR,RIMR,2
CEPVR,RIPL,1
CEPVR,RIPR,1
CEPVR,RIS,2
CEPVR,RIVL,1
CEPVR,RIVR,1
CEPVR,RMFL,2
CEPVR,RMFR,2
CEPVR,RMHL,1
CEPVR,RMHR,1
CEPVR,SABD,1
CEPVR,SABVL,1
CEPVR,SABVR,1
CEPVR,SIADL,2
CEPVR,SIADR,2
CEPVR,SIAVL,2
CEPVR,SIAVR,2
CEPVR,SMDDL,1
CEPVR,SMDDR,1
CEPVR,SMDVL,1
CEPVR,SMDVR,1
CEPVR,URBL,1
CEPVR,URBR,1
CEPVR,VA1,2
CEPVR,VA10,2
CEPVR,VA11,2
CEPVR,VA12,3
CEPVR,VA2,2
CEPVR,VA3,2
CEPVR,VA4,2
CEPVR,VA5,2
CEPVR,VA6,2
CEPVR,VA7,2
CEPVR,VA8,2
CEPVR,VA9,2
CEPVR,VB1,3
CEPVR,VB10,3
CEPVR,VB11,3
CEPVR,VB2,3
CEPVR,VB3,3
CEPVR,VB4,3
CEPVR,VB5,3
CEPVR,VB6,3
CEPVR,VB7,3
CEPVR,VB8,3
CEPVR,VB9,3
CEPVR,VD1,1
CEPVR,VD10,1
CEPVR,VD11,1
CEPVR,VD12,1
CEPVR,VD13,1
CEPVR,VD2,1
CEPVR,VD3,1
CEPVR,VD4,1
CEPVR,VD5,1
CEPVR,VD6,1
CEPVR,VD7,1
CEPVR,VD8,1
CEPVR,VD9,1
HSNL,ADFL,2
HSNL,ADFR,2
HSNL,ADLL,1
HSNL,ADLR,1
HSNL,AIBL,2
HSNL,AIBR,2
HSNL,AIML,1
HSNL,AIMR,1
HSNL,AINL,1
HSNL,AINR,1
HSNL,AIYL,1
HSNL,AIYR,1
HSNL,AIZL,3
HSNL,AIZR,3
HSNL,ASGL,2
HSNL,ASGR,2
HSNL,ASHL,1
HSNL,ASHR,1
HSNL,AUAL,1
HSNL,AUAR,1
HSNL,AVBL,1
HSNL,AVBR,1
HSNL,AVDL,1
HSNL,AVDR,1
HSNL,AVEL,1
HSNL,AVER,1
HSNL,AVG,1
HSNL,AVHL,1
HSNL,AVHR,1
HSNL,AVJL,1
HSNL,AVJR,1
HSNL,AVL,2
HSNL,BAGL,1
HSNL,BAGR,1
HSNL,BDUL,1
HSNL,BDUR,1
HSNL,DVA,1
HSNL,DVB,1
HSNL,FLPL,1
HSNL,FLPR,1
HSNL,HSNL,2
HSNL,HSNR,2
HSNL,I1L,1
HSNL,I1R,1
HSNL,I2L,2
HSNL,I2R,2
HSNL,I3,2
HSNL,I4,1
HSNL,I5,1
HSNL,I6,1
HSNL,IL1DL,1
HSNL,IL1DR,1
HSNL,IL1L,1
HSNL,IL1R,1
HSNL,IL1VL,1
HSNL,IL1VR,1
HSNL,IL2DL,1
HSNL,IL2DR,1
HSNL,IL2L,2
HSNL,IL2R,2
HSNL,IL2VL,1
HSNL,IL2VR,1
HSNL,M1,1
HSNL,M2L,1
HSNL,M2R,1
HSNL,M3L,1
HSNL,M3R,1
HSNL,M4,1
HSNL,M5,1
HSNL,MCL,1
HSNL,MCR,1
HSNL,MI,1
HSNL,NSML,2
HSNL,NSMR,2
HSNL,PVCL,1
HSNL,PVCR,1
HSNL,PVDL,1
HSNL,PVDR,1
HSNL,PVNL,1
HSNL,PVNR,1
HSNL,PVT,1
HSNL,PVWL,1
HSNL,PVWR,1
HSNL,RIAL,1
HSNL,RIAR,1
HSNL,RIGL,1
HSNL,RIGR,1
HSNL,RIH,2
HSNL,RIML,2
HSNL,RIMR,2
HSNL,RIPL,3
HSNL,RIPR,3
HSNL,RIR,3
HSNL,RIS,2
HSNL,RMDDL,1
HSNL,RMDDR,1
HSNL,RMDL,2
HSNL,RMDR,2
HSNL,RMDVL,1
HSNL,RMDVR,1
HSNL,RMED,1
HSNL,RMEL,1
HSNL,RMER,1
HSNL,RMEV,1
HSNL,RMFL,1
HSNL,RMFR,1
HSNL,SAADL,1
HSNL,SAADR,1
HSNL,SAAVL,1
HSNL,SAAVR,1
HSNL,SIADL,1
HSNL,SIADR,1
HSNL,SIAVL,1
HSNL,SIAVR,1
HSNL,SMBDL,1
HSNL,SMBDR,1
HSNL,SMBVL,1
HSNL,SMBVR,1
HSNL,SMDDL,2
HSNL,SMDDR,2
HSNL,SMDVL,2
HSNL,SMDVR,2
HSNL,URADL,2
HSNL,URADR,2
HSNL,URAVL,2
HSNL,URAVR,2
HSNL,URBL,2
HSNL,URBR,2
HSNL,URXL,2
HSNL,URXR,2
HSNL,VB1,1
HSNL,VC4,1
HSNL,VC5,1
HSNR,ADFL,2
HSNR,ADFR,2
HSNR,ADLL,1
HSNR,ADLR,1
HSNR,AIBL,2
HSNR,AIBR,2
HSNR,AIML,1
HSNR,AIMR,1
HSNR,AINL,1
HSNR,AINR,1
HSNR,AIYL,1
HSNR,AIYR,1
HSNR,AIZL,3
HSNR,AIZR,3
HSNR,ASGL,2
HSNR,ASGR,2
HSNR,ASHL,1
HSNR,ASHR,1
HSNR,AUAL,1
HSNR,AUAR,1
HSNR,AVBL,1
HSNR,AVBR,1
HSNR,AVDL,1
HSNR,AVDR,1
HSNR,AVEL,1
HSNR,AVER,1
HSNR,AVG,1
HSNR,AVHL,1
HSNR,AVHR,1
HSNR,AVJL,1
HSNR,AVJR,1
HSNR,AVL,2
HSNR,BAGL,1
HSNR,BAGR,1
HSNR,BDUL,1
HSNR,BDUR,1
HSNR,DVA,1
HSNR,DVB,1
HSNR,FLPL,1
HSNR,FLPR,1
HSNR,HSNL,2
HSNR,HSNR,2
HSNR,I1L,1
HSNR,I1R,1
HSNR,I2L,2
HSNR,I2R,2
HSNR,I3,2
HSNR,I4,1
HSNR,I5,1
HSNR,I6,1
HSNR,IL1DL,1
HSNR,IL1DR,1
HSNR,IL1L,1
HSNR,IL1R,1
HSNR,IL1VL,1
HSNR,IL1VR,1
HSNR,IL2DL,1
HSNR,IL2DR,1
HSNR,IL2L,2
HSNR,IL2R,2
HSNR,IL2VL,1
HSNR,IL2VR,1
HSNR,M1,1
HSNR,M2L,1
HSNR,M2R,1
HSNR,M3L,1
HSNR,M3R,1
HSNR,M4,1
HSNR,M5,1
HSNR,MCL,1
HSNR,MCR,1
HSNR,MI,1
HSNR,NSML,2
HSNR,NSMR,2
HSNR,PVCL,1
HSNR,PVCR,1
HSNR,PVDL,1
HSNR,PVDR,1
HSNR,PVNL,1
HSNR,PVNR,1
HSNR,PVT,1
HSNR,PVWL,1
HSNR,PVWR,1
HSNR,RIAL,1
HSNR,RIAR,1
HSNR,RIGL,1
HSNR,RIGR,1
HSNR,RIH,2
HSNR,RIML,2
HSNR,RIMR,2
HSNR,RIPL,3
HSNR,RIPR,3
HSNR,RIR,3
HSNR,RIS,2
HSNR,RMDDL,1
HSNR,RMDDR,1
HSNR,RMDL,2
HSNR,RMDR,2
HSNR,RMDVL,1
HSNR,RMDVR,1
HSNR,RMED,1
HSNR,RMEL,1
HSNR,RMER,1
HSNR,RMEV,1
HSNR,RMFL,1
HSNR,RMFR,1
HSNR,SAADL,1
HSNR,SAADR,1
HSNR,SAAVL,1
HSNR,SAAVR,1
HSNR,SIADL,1
HSNR,SIADR,1
HSNR,SIAVL,1
HSNR,SIAVR,1
HSNR,SMBDL,1
HSNR,SMBDR,1
HSNR,SMBVL,1
HSNR,SMBVR,1
HSNR,SMDDL,2
HSNR,SMDDR,2
HSNR,SMDVL,2
HSNR,SMDVR,2
HSNR,URADL,2
HSNR,URADR,2
HSNR,URAVL,2
HSNR,URAVR,2
HSNR,URBL,2
HSNR,URBR,2
HSNR,URXL,2
HSNR,URXR,2
HSNR,VB1,1
HSNR,VC4,1
HSNR,VC5,1
I5,ADFL,2
I5,ADFR,2
I5,ADLL,1
I5,ADLR,1
I5,AIBL,2
I5,AIBR,2
I5,AIML,1
I5,AIMR,1
I5,AINL,1
I5,AINR,1
I5,AIYL,1
I5,AIYR,1
I5,AIZL,3
I5,AIZR,3
I5,ASGL,2
I5,ASGR,2
I5,ASHL,1
I5,ASHR,1
I5,AUAL,1
I5,AUAR,1
I5,AVBL,1
I5,AVBR,1
I5,AVDL,1
I5,AVDR,1
I5,AVEL,1
I5,AVER,1
I5,AVG,1
I5,AVHL,1
I5,AVHR,1
I5,AVJL,1
I5,AVJR,1
I5,AVL,2
I5,BAGL,1
I5,BAGR,1
I5,BDUL,1
I5,BDUR,1
I5,DVA,1
I5,DVB,1
I5,FLPL,1
I5,FLPR,1
I5,HSNL,2
I5,HSNR,2
I5,I1L,1
I5,I1R,1
I5,I2L,2
I5,I2R,2
I5,I3,2
I5,I4,1
I5,I5,1
I5,I6,1
I5,IL1DL,1
I5,IL1DR,1
I5,IL1L,1
I5,IL1R,1
I5,IL1VL,1
I5,IL1VR,1
I5,IL2DL,1
I5,IL2DR,1
I5,IL2L,2
I5,IL2R,2
I5,IL2VL,1
I5,IL2VR,1
I5,M1,1
I5,M2L,1
I5,M2R,1
I5,M3L,1
I5,M3R,1
I5,M4,1
I5,M5,1
I5,MCL,1
I5,MCR,1
I5,MI,1
I5,NSML,2
I5,NSMR,2
I5,PVCL,1
I5,PVCR,1
I5,PVDL,1
I5,PVDR,1
I5,PVNL,1
I5,PVNR,1
I5,PVT,1
I5,PVWL,1
I5,PVWR,1
I5,RIAL,1
I5,RIAR,1
I5,RIGL,1
I5,RIGR,1
I5,RIH,2
I5,RIML,2
I5,RIMR,2
I5,RIPL,3
I5,RIPR,3
I5,RIR,3
I5,RIS,2
I5,RMDDL,1
I5,RMDDR,1
I5,RMDL,2
I5,RMDR,2
I5,RMDVL,1
I5,RMDVR,1
I5,RMED,1
I5,RMEL,1
I5,RMER,1
I5,RMEV,1
I5,RMFL,1
I5,RMFR,1
I5,SAADL,1
I5,SAADR,1
I5,SAAVL,1
I5,SAAVR,1
I5,SIADL,1
I5,SIADR,1
I5,SIAVL,1
I5,SIAVR,1
I5,SMBDL,1
I5,SMBDR,1
I5,SMBVL,1
I5,SMBVR,1
I5,SMDDL,2
I5,SMDDR,2
I5,SMDVL,2
I5,SMDVR,2
I5,URADL,2
I5,URADR,2
I5,URAVL,2
I5,URAVR,2
I5,URBL,2
I5,URBR,2
I5,URXL,2
I5,URXR,2
I5,VB1,1
I5,VC4,1
I5,VC5,1
NSML,ADFL,2
NSML,ADFR,2
NSML,ADLL,1
NSML,ADLR,1
NSML,AIBL,2
NSML,AIBR,2
NSML,AIML,1
NSML,AIMR,1
NSML,AINL,1
NSML,AINR,1
NSML,AIYL,1
NSML,AIYR,1
NSML,AIZL,3
NSML,AIZR,3
NSML,ASGL,2
NSML,ASGR,2
NSML,ASHL,1
NSML,ASHR,1
NSML,AUAL,1
NSML,AUAR,1
NSML,AVBL,1
NSML,AVBR,1
NSML,AVDL,1
NSML,AVDR,1
NSML,AVEL,1
NSML,AVER,1
NSML,AVG,1
NSML,AVHL,1
NSML,AVHR,1
NSML,AVJL,1
NSML,AVJR,1
NSML,AVL,2
NSML,BAGL,1
NSML,BAGR,1
NSML,BDUL,1
NSML,BDUR,1
NSML,DVA,1
NSML,DVB,1
NSML,FLPL,1
NSML,FLPR,1
NSML,HSNL,2
NSML,HSNR,2
NSML,I1L,1
NSML,I1R,1
NSML,I2L,2
NSML,I2R,2
NSML,I3,2
NSML,I4,1
NSML,I5,1
NSML,I6,1
NSML,IL1DL,1
NSML,IL1DR,1
NSML,IL1L,1
NSML,IL1R,1
NSML,IL1VL,1
NSML,IL1VR,1
NSML,IL2DL,1
NSML,IL2DR,1
NSML,IL2L,2
NSML,IL2R,2
NSML,IL2VL,1
NSML,IL2VR,1
NSML,M1,1
NSML,M2L,1
NSML,M2R,1
NSML,M3L,1
NSML,M3R,1
NSML,M4,1
NSML,M5,1
NSML,MCL,1
NSML,MCR,1
NSML,MI,1
NSML,NSML,2
NSML,NSMR,2
NSML,PVCL,1
NSML,PVCR,1
NSML,PVDL,1
NSML,PVDR,1
NSML,PVNL,1
NSML,PVNR,1
NSML,PVT,1
NSML,PVWL,1
NSML,PVWR,1
NSML,RIAL,1
NSML,RIAR,1
NSML,RIGL,1
NSML,RIGR,1
NSML,RIH,2
NSML,RIML,2
NSML,RIMR,2
NSML,RIPL,3
NSML,RIPR,3
NSML,RIR,3
NSML,RIS,2
NSML,RMDDL,1
NSML,RMDDR,1
NSML,RMDL,2
NSML,RMDR,2
NSML,RMDVL,1
NSML,RMDVR,1
NSML,RMED,1
NSML,RMEL,1
NSML,RMER,1
NSML,RMEV,1
NSML,RMFL,1
NSML,RMFR,1
NSML,SAADL,1
NSML,SAADR,1
NSML,SAAVL,1
NSML,SAAVR,1
NSML,SIADL,1
NSML,SIADR,1
NSML,SIAVL,1
NSML,SIAVR,1
NSML,SMBDL,1
NSML,SMBDR,1
NSML,SMBVL,1
NSML,SMBVR,1
NSML,SMDDL,2
NSML,SMDDR,2
NSML,SMDVL,2
NSML,SMDVR,2
NSML,URADL,2
NSML,URADR,2
NSML,URAVL,2
NSML,URAVR,2
NSML,URBL,2
NSML,URBR,2
NSML,URXL,2
NSML,URXR,2
NSML,VB1,1
NSML,VC4,1
NSML,VC5,1
NSMR,ADFL,2
NSMR,ADFR,2
NSMR,ADLL,1
NSMR,ADLR,1
NSMR,AIBL,2
NSMR,AIBR,2
NSMR,AIML,1
NSMR,AIMR,1
NSMR,AINL,1
NSMR,AINR,1
NSMR,AIYL,1
NSMR,AIYR,1
NSMR,AIZL,3
NSMR,AIZR,3
NSMR,ASGL,2
NSMR,ASGR,2
NSMR,ASHL,1
NSMR,ASHR,1
NSMR,AUAL,1
NSMR,AUAR,1
NSMR,AVBL,1
NSMR,AVBR,1
NSMR,AVDL,1
NSMR,AVDR,1
NSMR,AVEL,1
NSMR,AVER,1
NSMR,AVG,1
NSMR,AVHL,1
NSMR,AVHR,1
NSMR,AVJL,1
NSMR,AVJR,1
NSMR,AVL,2
NSMR,BAGL,1
NSMR,BAGR,1
NSMR,BDUL,1
NSMR,BDUR,1
NSMR,DVA,1
NSMR,DVB,1
NSMR,FLPL,1
NSMR,FLPR,1
NSMR,HSNL,2
NSMR,HSNR,2
NSMR,I1L,1
NSMR,I1R,1
NSMR,I2L,2
NSMR,I2R,2
NSMR,I3,2
NSMR,I4,1
NSMR,I5,1
NSMR,I6,1
NSMR,IL1DL,1
NSMR,IL1DR,1
NSMR,IL1L,1
NSMR,IL1R,1
NSMR,IL1VL,1
NSMR,IL1VR,1
NSMR,IL2DL,1
NSMR,IL2DR,1
NSMR,IL2L,2
NSMR,IL2R,2
NSMR,IL2VL,1
NSMR,IL2VR,1
NSMR,M1,1
NSMR,M2L,1
NSMR,M2R,1
NSMR,M3L,1
NSMR,M3R,1
NSMR,M4,1
NSMR,M5,1
NSMR,MCL,1
NSMR,MCR,1
NSMR,MI,1
NSMR,NSML,2
NSMR,NSMR,2
NSMR,PVCL,1
NSMR,PVCR,1
NSMR,PVDL,1
NSMR,PVDR,1
NSMR,PVNL,1
NSMR,PVNR,1
NSMR,PVT,1
NSMR,PVWL,1
NSMR,PVWR,1
NSMR,RIAL,1
NSMR,RIAR,1
NSMR,RIGL,1
NSMR,RIGR,1
NSMR,RIH,2
NSMR,RIML,2
NSMR,RIMR,2
NSMR,RIPL,3
NSMR,RIPR,3
NSMR,RIR,3
NSMR,RIS,2
NSMR,RMDDL,1
NSMR,RMDDR,1
NSMR,RMDL,2
NSMR,RMDR,2
NSMR,RMDVL,1
NSMR,RMDVR,1
NSMR,RMED,1
NSMR,RMEL,1
NSMR,RMER,1
NSMR,RMEV,1
NSMR,RMFL,1
NSMR,RMFR,1
NSMR,SAADL,1
NSMR,SAADR,1
NSMR,SAAVL,1
NSMR,SAAVR,1
NSMR,SIADL,1
NSMR,SIADR,1
NSMR,SIAVL,1
NSMR,SIAVR,1
NSMR,SMBDL,1
NSMR,SMBDR,1
NSMR,SMBVL,1
NSMR,SMBVR,1
NSMR,SMDDL,2
NSMR,SMDDR,2
NSMR,SMDVL,2
NSMR,SMDVR,2
NSMR,URADL,2
NSMR,URADR,2
NSMR,URAVL,2
NSMR,URAVR,2
NSMR,URBL,2
NSMR,URBR,2
NSMR,URXL,2
NSMR,URXR,2
NSMR,VB1,1
NSMR,VC4,1
NSMR,VC5,1
PDEL,ADAL,1
PDEL,ADAR,1
PDEL,ADFL,2
PDEL,ADFR,2
PDEL,AIAL,1
PDEL,AIAR,1
PDEL,AIBL,1
PDEL,AIBR,1
PDEL,AIZL,1
PDEL,AIZR,1
PDEL,ALA,1
PDEL,ALML,2
PDEL,ALMR,2
PDEL,AS1,1
PDEL,AS10,1
PDEL,AS11,1
PDEL,AS2,1
PDEL,AS3,1
PDEL,AS4,1
PDEL,AS5,1
PDEL,AS6,1
PDEL,AS7,1
PDEL,AS8,1
PDEL,AS9,1
PDEL,ASHL,2
PDEL,ASHR,2
PDEL,ASKL,2
PDEL,ASKR,2
PDEL,AVAL,3
PDEL,AVAR,3
PDEL,AVBL,3
PDEL,AVBR,3
PDEL,AVDL,1
PDEL,AVDR,1
PDEL,AVEL,2
PDEL,AVER,2
PDEL,AVFL,1
PDEL,AVFR,1
PDEL,AVHL,1
PDEL,AVHR,1
PDEL,AVKL,3
PDEL,AVKR,3
PDEL,AVM,1
PDEL,BDUL,1
PDEL,BDUR,1
PDEL,CEPDL,1
PDEL,CEPDR,1
PDEL,CEPVL,1
PDEL,CEPVR,1
PDEL,DA1,2
PDEL,DA2,2
PDEL,DA3,2
PDEL,DA4,2
PDEL,DA5,2
PDEL,DA6,2
PDEL,DA7,2
PDEL,DA8,2
PDEL,DA9,3
PDEL,DB1,3
PDEL,DB2,3
PDEL,DB3,3
PDEL,DB4,3
PDEL,DB5,3
PDEL,DB6,3
PDEL,DB7,3
PDEL,DD1,1
PDEL,DD2,1
PDEL,DD3,1
PDEL,DD4,1
PDEL,DD5,1
PDEL,DD6,1
PDEL,DVB,1
PDEL,FLPL,1
PDEL,FLPR,1
PDEL,I1L,1
PDEL,I1R,1
PDEL,I2L,1
PDEL,I2R,1
PDEL,I3,1
PDEL,I5,1
PDEL,IL1DL,1
PDEL,IL1DR,1
PDEL,IL1L,1
PDEL,IL1R,1
PDEL,IL1VL,1
PDEL,IL1VR,1
PDEL,M1,1
PDEL,OLLL,1
PDEL,OLLR,1
PDEL,OLQDL,1
PDEL,OLQDR,1
PDEL,OLQVL,1
PDEL,OLQVR,1
PDEL,PDB,2
PDEL,PDEL,1
PDEL,PDER,1
PDEL,PHAL,1
PDEL,PHAR,1
PDEL,PLML,2
PDEL,PLMR,2
PDEL,PVDL,2
PDEL,PVDR,2
PDEL,PVM,3
PDEL,PVNL,2
PDEL,PVNR,2
PDEL,PVR,1
PDEL,PVWL,1
PDEL,PVWR,1
PDEL,RIAL,1
PDEL,RIAR,1
PDEL,RICL,1
PDEL,RICR,1
PDEL,RID,1
PDEL,RIGL,3
PDEL,RIGR,3
PDEL,RIML,2
PDEL,RIMR,2
PDEL,RIPL,1
PDEL,RIPR,1
PDEL,RIS,2
PDEL,RIVL,1
PDEL,RIVR,1
PDEL,RMFL,2
PDEL,RMFR,2
PDEL,RMHL,1
PDEL,RMHR,1
PDEL,SABD,1
PDEL,SABVL,1
PDEL,SABVR,1
PDEL,SIADL,2
PDEL,SIADR,2
PDEL,SIAVL,2
PDEL,SIAVR,2
PDEL,SMDDL,1
PDEL,SMDDR,1
PDEL,SMDVL,1
PDEL,SMDVR,1
PDEL,URBL,1
PDEL,URBR,1
PDEL,VA1,2
PDEL,VA10,2
PDEL,VA11,2
PDEL,VA12,3
PDEL,VA2,2
PDEL,VA3,2
PDEL,VA4,2
PDEL,VA5,2
PDEL,VA6,2
PDEL,VA7,2
PDEL,VA8,2
PDEL,VA9,2
PDEL,VB1,3
PDEL,VB10,3
PDEL,VB11,3
PDEL,VB2,3
PDEL,VB3,3
PDEL,VB4,3
PDEL,VB5,3
PDEL,VB6,3
PDEL,VB7,3
PDEL,VB8,3
PDEL,VB9,3
PDEL,VD1,1
PDEL,VD10,1
PDEL,VD11,1
PDEL,VD12,1
PDEL,VD13,1
PDEL,VD2,1
PDEL,VD3,1
PDEL,VD4,1
PDEL,VD5,1
PDEL,VD6,1
PDEL,VD7,1
PDEL,VD8,1
PDEL,VD9,1
PDER,ADAL,1
PDER,ADAR,1
PDER,ADFL,2
PDER,ADFR,2
PDER,AIAL,1
PDER,AIAR,1
PDER,AIBL,1
PDER,AIBR,1
PDER,AIZL,1
PDER,AIZR,1
PDER,ALA,1
PDER,ALML,2
PDER,ALMR,2
PDER,AS1,1
PDER,AS10,1
PDER,AS11,1
PDER,AS2,1
PDER,AS3,1
PDER,AS4,1
PDER,AS5,1
PDER,AS6,1
PDER,AS7,1
PDER,AS8,1
PDER,AS9,1
PDER,ASHL,2
PDER,ASHR,2
PDER,ASKL,2
PDER,ASKR,2
PDER,AVAL,3
PDER,AVAR,3
PDER,AVBL,3
PDER,AVBR,3
PDER,AVDL,1
PDER,AVDR,1
PDER,AVEL,2
PDER,AVER,2
PDER,AVFL,1
PDER,AVFR,1
PDER,AVHL,1
PDER,AVHR,1
PDER,AVKL,3
PDER,AVKR,3
PDER,AVM,1
PDER,BDUL,1
PDER,BDUR,1
PDER,CEPDL,1
PDER,CEPDR,1
PDER,CEPVL,1
PDER,CEPVR,1
PDER,DA1,2
PDER,DA2,2
PDER,DA3,2
PDER,DA4,2
PDER,DA5,2
PDER,DA6,2
PDER,DA7,2
PDER,DA8,2
PDER,DA9,3
PDER,DB1,3
PDER,DB2,3
PDER,DB3,3
PDER,DB4,3
PDER,DB5,3
PDER,DB6,3
PDER,DB7,3
PDER,DD1,1
PDER,DD2,1
PDER,DD3,1
PDER,DD4,1
PDER,DD5,1
PDER,DD6,1
PDER,DVB,1
PDER,FLPL,1
PDER,FLPR,1
PDER,I1L,1
PDER,I1R,1
PDER,I2L,1
PDER,I2R,1
PDER,I3,1
PDER,I5,1
PDER,IL1DL,1
PDER,IL1DR,1
PDER,IL1L,1
PDER,IL1R,1
PDER,IL1VL,1
PDER,IL1VR,1
PDER,M1,1
PDER,OLLL,1
PDER,OLLR,1
PDER,OLQDL,1
PDER,OLQDR,1
PDER,OLQVL,1
PDER,OLQVR,1
PDER,PDB,2
PDER,PDEL,1
PDER,PDER,1
PDER,PHAL,1
PDER,PHAR,1
PDER,PLML,2
PDER,PLMR,2
PDER,PVDL,2
PDER,PVDR,2
PDER,PVM,3
PDER,PVNL,2
PDER,PVNR,2
PDER,PVR,1
PDER,PVWL,1
PDER,PVWR,1
PDER,RIAL,1
PDER,RIAR,1
PDER,RICL,1
PDER,RICR,1
PDER,RID,1
PDER,RIGL,3
PDER,RIGR,3
PDER,RIML,2
PDER,RIMR,2
PDER,RIPL,1
PDER,RIPR,1
PDER,RIS,2
PDER,RIVL,1
PDER,RIVR,1
PDER,RMFL,2
PDER,RMFR,2
PDER,RMHL,1
PDER,RMHR,1
PDER,SABD,1
PDER,SABVL,1
PDER,SABVR,1
PDER,SIADL,2
PDER,SIADR,2
PDER,SIAVL,2
PDER,SIAVR,2
PDER,SMDDL,1
PDER,SMDDR,1
PDER,SMDVL,1
PDER,SMDVR,1
PDER,URBL,1
PDER,URBR,1
PDER,VA1,2
PDER,VA10,2
PDER,VA11,2
PDER,VA12,3
PDER,VA2,2
PDER,VA3,2
PDER,VA4,2
PDER,VA5,2
PDER,VA6,2
PDER,VA7,2
PDER,VA8,2
PDER,VA9,2
PDER,VB1,3
PDER,VB10,3
PDER,VB11,3
PDER,VB2,3
PDER,VB3,3
PDER,VB4,3
PDER,VB5,3
PDER,VB6,3
PDER,VB7,3
PDER,VB8,3
PDER,VB9,3
PDER,VD1,1
PDER,VD10,1
PDER,VD11,1
PDER,VD12,1
PDER,VD13,1
PDER,VD2,1
PDER,VD3,1
PDER,VD4,1
PDER,VD5,1
PDER,VD6,1
PDER,VD7,1
PDER,VD8,1
PDER,VD9,1
RICL,AINL,1
RICL,AINR,1
RICL,AIZL,1
RICL,AIZR,1
RICL,ALA,1
RICL,ALML,2
RICL,ALMR,2
RICL,ALNL,1
RICL,ALNR,1
RICL,ASEL,1
RICL,ASGL,1
RICL,ASGR,1
RICL,ASHL,1
RICL,ASHR,1
RICL,ASJL,1
RICL,ASJR,1
RICL,ASKL,1
RICL,ASKR,1
RICL,AVAL,1
RICL,AVAR,1
RICL,AVDL,1
RICL,AVDR,1
RICL,AVG,1
RICL,AVHL,1
RICL,AVHR,1
RICL,AVKL,1
RICL,AVKR,1
RICL,AVM,1
RICL,AWCL,1
RICL,AWCR,1
RICL,BAGL,1
RICL,BAGR,1
RICL,DA1,1
RICL,DA2,1
RICL,DA3,1
RICL,DA4,1
RICL,DA5,1
RICL,DA6,1
RICL,DA7,1
RICL,DA8,1
RICL,DA9,1
RICL,DB2,1
RICL,DB3,1
RICL,DB4,1
RICL,DB5,1
RICL,DB6,1
RICL,DB7,1
RICL,DVA,1
RICL,FLPL,1
RICL,FLPR,1
RICL,HSNL,1
RICL,HSNR,1
RICL,I3,2
RICL,IL2L,1
RICL,IL2R,1
RICL,M1,1
RICL,M2L,1
RICL,M2R,1
RICL,M3L,1
RICL,M3R,1
RICL,M4,1
RICL,MI,1
RICL,OLLL,1
RICL,OLLR,1
RICL,PDB,1
RICL,PHAL,1
RICL,PHAR,1
RICL,PHBL,1
RICL,PHBR,1
RICL,PLML,1
RICL,PLMR,1
RICL,PVCL,1
RICL,PVCR,1
RICL,PVDL,1
RICL,PVDR,1
RICL,PVM,1
RICL,PVQL,1
RICL,PVQR,1
RICL,PVT,1
RICL,RIBL,1
RICL,RIBR,1
RICL,RID,1
RICL,RIGL,1
RICL,RIGR,1
RICL,RIH,1
RICL,RIML,1
RICL,RIMR,1
RICL,RIPL,1
RICL,RIPR,1
RICL,RMED,1
RICL,RMEV,1
RICL,RMGL,1
RICL,RMGR,1
RICL,SIADL,1
RICL,SIADR,1
RICL,SIAVL,1
RICL,SIAVR,1
RICL,SMBDL,1
RICL,SMBDR,1
RICL,SMBVL,1
RICL,SMBVR,1
RICL,URADL,1
RICL,URADR,1
RICL,URAVL,1
RICL,URAVR,1
RICL,URBL,1
RICL,URBR,1
RICL,URXL,1
RICL,URXR,1
RICL,VA1,1
RICL,VA10,1
RICL,VA11,1
RICL,VA12,1
RICL,VA2,1
RICL,VA3,1
RICL,VA4,1
RICL,VA5,1
RICL,VA6,1
RICL,VA7,1
RICL,VA8,1
RICL,VA9,1
RICR,AINL,1
RICR,AINR,1
RICR,AIZL,1
RICR,AIZR,1
RICR,ALA,1
RICR,ALML,2
RICR,ALMR,2
RICR,ALNL,1
RICR,ALNR,1
RICR,ASEL,1
RICR,ASGL,1
RICR,ASGR,1
RICR,ASHL,1
RICR,ASHR,1
RICR,ASJL,1
RICR,ASJR,1
RICR,ASKL,1
RICR,ASKR,1
RICR,AVAL,1
RICR,AVAR,1
RICR,AVDL,1
RICR,AVDR,1
RICR,AVG,1
RICR,AVHL,1
RICR,AVHR,1
RICR,AVKL,1
RICR,AVKR,1
RICR,AVM,1
RICR,AWCL,1
RICR,AWCR,1
RICR,BAGL,1
RICR,BAGR,1
RICR,DA1,1
RICR,DA2,1
RICR,DA3,1
RICR,DA4,1
RICR,DA5,1
RICR,DA6,1
RICR,DA7,1
RICR,DA8,1
RICR,DA9,1
RICR,DB2,1
RICR,DB3,1
RICR,DB4,1
RICR,DB5,1
RICR,DB6,1
RICR,DB7,1
RICR,DVA,1
RICR,FLPL,1
RICR,FLPR,1
RICR,HSNL,1
RICR,HSNR,1
RICR,I3,2
RICR,IL2L,1
RICR,IL2R,1
RICR,M1,1
RICR,M2L,1
RICR,M2R,1
RICR,M3L,1
RICR,M3R,1
RICR,M4,1
RICR,MI,1
RICR,OLLL,1
RICR,OLLR,1
RICR,PDB,1
RICR,PHAL,1
RICR,PHAR,1
RICR,PHBL,1
RICR,PHBR,1
RICR,PLML,1
RICR,PLMR,1
RICR,PVCL,1
RICR,PVCR,1
RICR,PVDL,1
RICR,PVDR,1
RICR,PVM,1
RICR,PVQL,1
RICR,PVQR,1
RICR,PVT,1
RICR,RIBL,1
RICR,RIBR,1
RICR,RID,1
RICR,RIGL,1
RICR,RIGR,1
RICR,RIH,1
RICR,RIML,1
RICR,RIMR,1
RICR,RIPL,1
RICR,RIPR,1
RICR,RMED,1
RICR,RMEV,1
RICR,RMGL,1
RICR,RMGR,1
RICR,SIADL,1
RICR,SIADR,1
RICR,SIAVL,1
RICR,SIAVR,1
RICR,SMBDL,1
RICR,SMBDR,1
RICR,SMBVL,1
RICR,SMBVR,1
RICR,URADL,1
RICR,URADR,1
RICR,URAVL,1
RICR,URAVR,1
RICR,URBL,1
RICR,URBR,1
RICR,URXL,1
RICR,URXR,1
RICR,VA1,1
RICR,VA10,1
RICR,VA11,1
RICR,VA12,1
RICR,VA2,1
RICR,VA3,1
RICR,VA4,1
RICR,VA5,1
RICR,VA6,1
RICR,VA7,1
RICR,VA8,1
RICR,VA9,1
RIML,ADFL,1
RIML,ADFR,1
RIML,AIAL,2
RIML,AIAR,2
RIML,AIBL,1
RIML,AIBR,1
RIML,AIML,2
RIML,AIMR,2
RIML,AINL,1
RIML,AINR,1
RIML,AIYL,3
RIML,AIYR,3
RIML,AIZL,3
RIML,AIZR,3
RIML,ALML,1
RIML,ALMR,1
RIML,ALNL,1
RIML,ALNR,1
RIML,AQR,1
RIML,AS1,1
RIML,AS10,1
RIML,AS11,1
RIML,AS2,1
RIML,AS3,1
RIML,AS4,1
RIML,AS5,1
RIML,AS6,1
RIML,AS7,1
RIML,AS8,1
RIML,AS9,1
RIML,ASEL,2
RIML,ASER,2
RIML,ASGL,2
RIML,ASGR,2
RIML,ASKL,2
RIML,ASKR,2
RIML,AVBL,1
RIML,AVBR,1
RIML,AVDL,1
RIML,AVDR,1
RIML,AVJL,1
RIML,AVJR,1
RIML,AVL,1
RIML,AVM,1
RIML,AWCL,1
RIML,AWCR,1
RIML,BAGL,2
RIML,BAGR,2
RIML,BDUL,1
RIML,BDUR,1
RIML,CANL,1
RIML,CANR,1
RIML,CEPDL,1
RIML,CEPDR,1
RIML,CEPVL,1
RIML,CEPVR,1
RIML,DA1,1
RIML,DA2,1
RIML,DA3,1
RIML,DA4,1
RIML,DA5,1
RIML,DA6,1
RIML,DA7,1
RIML,DA8,1
RIML,DVA,2
RIML,DVC,1
RIML,FLPL,1
RIML,FLPR,1
RIML,I1L,1
RIML,I1R,1
RIML,I4,1
RIML,IL1DL,1
RIML,IL1DR,1
RIML,IL1L,1
RIML,IL1R,1
RIML,IL1VL,1
RIML,IL1VR,1
RIML,LUAL,1
RIML,LUAR,1
RIML,M1,1
RIML,M3L,1
RIML,M3R,1
RIML,M4,1
RIML,MCL,1
RIML,MCR,1
RIML,NSML,3
RIML,NSMR,3
RIML,OLLL,2
RIML,OLLR,2
RIML,OLQDL,1
RIML,OLQDR,1
RIML,OLQVL,1
RIML,OLQVR,1
RIML,PDB,1
RIML,PLNL,1
RIML,PLNR,1
RIML,PVCL,1
RIML,PVCR,1
RIML,PVDL,2
RIML,PVDR,2
RIML,PVM,2
RIML,PVPL,1
RIML,PVPR,1
RIML,PVQL,2
RIML,PVQR,2
RIML,PVR,2
RIML,PVWL,1
RIML,PVWR,1
RIML,RICL,1
RIML,RICR,1
RIML,RID,2
RIML,RIFL,1
RIML,RIFR,1
RIML,RIGL,3
RIML,RIGR,3
RIML,RIML,1
RIML,RIMR,1
RIML,RIVL,2
RIML,RIVR,2
RIML,RMDL,1
RIML,RMDR,1
RIML,RMED,1
RIML,RMEL,1
RIML,RMER,1
RIML,RMEV,1
RIML,RMFL,1
RIML,RMFR,1
RIML,SAADL,2
RIML,SAADR,2
RIML,SAAVL,2
RIML,SAAVR,2
RIML,SDQL,1
RIML,SDQR,1
RIML,SIBDL,1
RIML,SIBDR,1
RIML,SIBVL,1
RIML,SIBVR,1
RIML,SMBDL,2
RIML,SMBDR,2
RIML,SMBVL,2
RIML,SMBVR,2
RIML,SMDDL,1
RIML,SMDDR,1
RIML,SMDVL,1
RIML,SMDVR,1
RIML,URBL,2
RIML,URBR,2
RIML,URYDL,2
RIML,URYDR,2
RIML,URYVL,2
RIML,URYVR,2
RIML,VB1,1
RIML,VC4,1
RIML,VC5,1
RIMR,ADFL,1
RIMR,ADFR,1
RIMR,AIAL,2
RIMR,AIAR,2
RIMR,AIBL,1
RIMR,AIBR,1
RIMR,AIML,2
RIMR,AIMR,2
RIMR,AINL,1
RIMR,AINR,1
RIMR,AIYL,3
RIMR,AIYR,3
RIMR,AIZL,3
RIMR,AIZR,3
RIMR,ALML,1
RIMR,ALMR,1
RIMR,ALNL,1
RIMR,ALNR,1
RIMR,AQR,1
RIMR,AS1,1
RIMR,AS10,1
RIMR,AS11,1
RIMR,AS2,1
RIMR,AS3,1
RIMR,AS4,1
RIMR,AS5,1
RIMR,AS6,1
RIMR,AS7,1
RIMR,AS8,1
RIMR,AS9,1
RIMR,ASEL,2
RIMR,ASER,2
RIMR,ASGL,2
RIMR,ASGR,2
RIMR,ASKL,2
RIMR,ASKR,2
RIMR,AVBL,1
RIMR,AVBR,1
RIMR,AVDL,1
RIMR,AVDR,1
RIMR,AVJL,1
RIMR,AVJR,1
RIMR,AVL,1
RIMR,AVM,1
RIMR,AWCL,1
RIMR,AWCR,1
RIMR,BAGL,2
RIMR,BAGR,2
RIMR,BDUL,1
RIMR,BDUR,1
RIMR,CANL,1
RIMR,CANR,1
RIMR,CEPDL,1
RIMR,CEPDR,1
RIMR,CEPVL,1
RIMR,CEPVR,1
RIMR,DA1,1
RIMR,DA2,1
RIMR,DA3,1
RIMR,DA4,1
RIMR,DA5,1
RIMR,DA6,1
RIMR,DA7,1
RIMR,DA8,1
RIMR,DVA,2
RIMR,DVC,1
RIMR,FLPL,1
RIMR,FLPR,1
RIMR,I1L,1
RIMR,I1R,1
RIMR,I4,1
RIMR,IL1DL,1
RIMR,IL1DR,1
RIMR,IL1L,1
RIMR,IL1R,1
RIMR,IL1VL,1
RIMR,IL1VR,1
RIMR,LUAL,1
RIMR,LUAR,1
RIMR,M1,1
RIMR,M3L,1
RIMR,M3R,1
RIMR,M4,1
RIMR,MCL,1
RIMR,MCR,1
RIMR,NSML,3
RIMR,NSMR,3
RIMR,OLLL,2
RIMR,OLLR,2
RIMR,OLQDL,1
RIMR,OLQDR,1
RIMR,OLQVL,1
RIMR,OLQVR,1
RIMR,PDB,1
RIMR,PLNL,1
RIMR,PLNR,1
RIMR,PVCL,1
RIMR,PVCR,1
RIMR,PVDL,2
RIMR,PVDR,2
RIMR,PVM,2
RIMR,PVPL,1
RIMR,PVPR,1
RIMR,PVQL,2
RIMR,PVQR,2
RIMR,PVR,2
RIMR,PVWL,1
RIMR,PVWR,1
RIMR,RICL,1
RIMR,RICR,1
RIMR,RID,2
RIMR,RIFL,1
RIMR,RIFR,1
RIMR,RIGL,3
RIMR,RIGR,3
RIMR,RIML,1
RIMR,RIMR,1
RIMR,RIVL,2
RIMR,RIVR,2
RIMR,RMDL,1
RIMR,RMDR,1
RIMR,RMED,1
RIMR,RMEL,1
RIMR,RMER,1
RIMR,RMEV,1
RIMR,RMFL,1
RIMR,RMFR,1
RIMR,SAADL,2
RIMR,SAADR,2
RIMR,SAAVL,2
RIMR,SAAVR,2
RIMR,SDQL,1
RIMR,SDQR,1
RIMR,SIBDL,1
RIMR,SIBDR,1
RIMR,SIBVL,1
RIMR,SIBVR,1
RIMR,SMBDL,2
RIMR,SMBDR,2
RIMR,SMBVL,2
RIMR,SMBVR,2
RIMR,SMDDL,1
RIMR,SMDDR,1
RIMR,SMDVL,1
RIMR,SMDVR,1
RIMR,URBL,2
RIMR,URBR,2
RIMR,URYDL,2
RIMR,URYDR,2
RIMR,URYVL,2
RIMR,URYVR,2
RIMR,VB1,1
RIMR,VC4,1
RIMR,VC5,1
